f1,f2,f3,f4,f5,f6,f7,f8,f9,f10,baseline,accelerations,target
1.1752909738362676,0.20100942077470518,-0.817795293235297,-0.16078457783253303,-0.6110620912184311,-1.677715634027302,-0.9597486749704104,1.0832795258862815,-0.8687840107306665,0.5415151076955645,132.8,4,Normal
0.44115460934058576,0.1862198108095167,-1.733234463606538,-0.7841387102696552,0.47345357802266524,-0.2566371702309694,0.22863270640646322,0.7175639512757818,-0.9770353056691392,-0.02997005954721307,125.7,4,Normal
-0.6763328576382718,1.6485727297409964,-1.0339333008217622,-0.393607489343417,-0.7764397057172151,1.232848263930642,-0.5849568982327877,2.3668815018203206,-1.5762959121183284,-0.9022875878475506,130.3,5,Normal
-2.2425444688152667,0.25228384218395594,-0.00578368354081857,-2.0068990426110127,-1.3285285562921392,0.2744654125960135,0.3729976979677269,0.4538995701691873,0.019681556984940927,-0.7032614132442268,130.4,0,Normal
0.5428250768471907,0.11957170892005634,-0.38528321085408335,-0.31550686553507695,-0.7597550978398632,-0.2180330808959376,-1.0021793053626922,0.07644200239557015,0.7495753827012347,-0.13174437917860404,119.4,1,Normal
-0.16808262779378932,-0.35477035236742493,1.0732590473392363,-1.4151250765417631,-2.7025918318839763,-0.9324582385795158,-1.1038244714476364,0.08939208942785694,-0.24877632727203078,-0.13460937129686884,125.7,4,Normal
0.8003459872911838,0.5379063069772041,-0.6185721395661865,1.5446556648983314,-1.0838047275151719,0.6942841426980032,1.0752115902176542,0.27848032171460196,-0.3357252368676061,0.5463796223551928,125.9,3,Normal
0.6982770188949876,0.4460110449979992,-0.012024170087154621,0.7336762534386343,2.141322624055904,0.18647463461481764,0.1953238929075762,-0.2599052422457944,1.5210916677385609,-0.678337194097464,130.7,0,Normal
0.5983951955085355,-0.4014509119839485,-0.5440112002470716,0.9129867560006094,-2.8191263513598255,-0.33804605691558565,0.172077371946451,-0.5084372518527336,-1.6216876676417595,-0.6418113672850871,134.7,2,Normal
0.24710545732015285,0.9421784815448444,0.9339519495424904,-1.3208382642239724,-1.5707088610094637,1.0084918049701406,-0.506019195457299,0.4610400708755948,1.803086477500355,0.8724340016878659,133.2,3,Normal
-1.6587047689975298,-0.2046341142817967,-1.4330969622185787,0.83808454070321,1.7416391096660977,2.2384034404030686,0.7583028202868736,-0.6326357284958253,-1.3555123337588406,1.8986011533884843,138.7,4,Normal
1.2638004912227383,0.5801589544066174,0.4776905349307241,-0.6672117858119756,-0.9594710800891656,-0.8884484757470725,-0.18267666520305434,-1.8669093828985022,-0.12404136231455702,0.08548315908687404,131.6,3,Normal
-1.256986080676931,-1.326144138394966,0.4049139160597637,0.2767975146605128,-0.40329056728665424,0.5832178433077149,0.7781689742537371,-1.3102942805688558,0.3651498512701117,0.44344536163004056,150.0,2,Suspect
-0.647262333112727,0.9135932953162278,-0.8212885077808895,-0.18668449550429825,-0.015323136468835954,0.1385465058393488,-0.4534561686889574,1.6468808231224459,0.9766010010507535,-0.1467352140424452,133.9,2,Normal
-0.330473929172238,-0.7180570008570127,-0.09931656622840712,-1.3786371030356959,-1.648198175870823,0.6495102090666686,-1.0623816925760188,-0.31902230027552636,-1.6018698714204742,-0.06421451529563804,116.7,4,Normal
0.018355626867536765,0.6754160236832533,0.3869584863214539,-1.0375478384612258,1.0437562283077262,1.3205276852888934,-0.7266930555071304,0.7683247975196901,0.1632689206961586,-0.21177061068479008,126.1,1,Normal
-0.3191170287857561,1.2808602469785302,-0.6917849091732776,0.6593001981040478,-0.12054832223705671,1.4221618999645431,0.42333961221918387,-0.6978058943258382,-0.6169279027550716,-0.3497568588407119,161.9,1,Normal
-0.555774432937199,0.41002333817759595,-0.7126659929000483,0.6274721951933682,-0.6349395394599717,-0.49843000156152084,-0.9882307101275755,0.8892538563112463,0.99257213559903,0.5550483451427396,116.6,5,Suspect
0.8025667699158815,1.1526003165346896,-1.2297284155025723,-1.3723911431997051,0.9440112214139222,-1.6585299902744572,1.8117468761059041,0.40233057589459725,-0.6292603323528012,0.6169853043913249,134.8,1,Pathologic
-1.3315952435654947,-1.0784109466952867,2.0223473311894,1.1366880822179215,-1.330779056595405,-0.09361674030892815,-1.3608127868845246,1.9910391724205443,-1.9396411594041993,-0.243898462881396,152.6,3,Normal
-0.41439394292144754,-0.08271096405788073,-0.4669289223678012,-0.3816314175557853,0.0383955168467349,-0.08757152304071567,-0.14968729340277157,1.316601800178274,0.36431410021878813,-0.5742361405555872,117.7,4,Normal
-2.0966326278533227,-0.6477797263992942,-1.226010781944143,-1.2820838637906316,-1.0148972952598545,-2.752660060841271,1.1909545165249507,0.7356880250093148,-0.03259333951346673,-0.4772380022958221,145.9,0,Normal
-1.0309250487501582,-0.6608048377672815,-1.768105722058193,-0.5491686096736401,-1.2556156516080594,1.0131224123053344,0.2855829107744558,-0.5887424038292123,1.773962148945605,0.6517120418953105,145.9,1,Normal
-1.5631065770621282,-1.5780696299917887,-0.8027768191104122,-1.355439920345644,2.0025165270799157,-0.5250513199273599,-0.3528122216856175,-1.1757578426324755,0.9608431644982146,-0.8024094892173139,127.4,5,Normal
0.7340166241515077,0.08052561458811759,0.26691966698718006,-0.7254012015908786,0.1260217114563135,-0.05164259550150791,1.150508622371509,-0.14026602766148843,-0.8796341209223547,-1.0167064900533163,111.3,1,Normal
0.18679308151004706,0.9407063830906268,-0.25545976318204144,-0.4782608252109107,0.947601308099406,-0.5708031190733298,-0.928633185906628,0.019037180799285378,0.9718476595780285,0.2823268913329564,136.3,1,Suspect
-0.808863700952154,1.2662559576058408,0.3506221019531978,0.515874865266959,-0.5198665914198569,-0.20751359755357066,-0.28840852451700366,-0.40893180898099674,0.09612981412302249,-0.06688400688484705,129.3,4,Normal
-3.198774821906486,-1.0565679864047057,0.7152850820103956,0.8126845462434258,-1.0290330553524496,1.2762640589451204,-1.6172983446433251,0.7051392340170336,0.7123775212378949,-0.13903224535461078,128.3,0,Normal
-1.5258263542253605,-0.47974709502652413,-0.15091659755694592,1.0630426328555964,-3.1166624249104027,0.08432291280008929,0.8838995879517424,0.07751437345625198,-0.7586133856010453,0.8333387183966497,136.9,0,Normal
-1.0990121495835456,-0.7407293295176663,-0.12755179135140124,0.7861817077542327,-0.3169939714165998,2.121515612148744,0.5600964514442106,-0.0024186089203702297,-0.3796176871676011,-0.05171779957242671,130.3,0,Normal
-0.36054286748202213,-0.8091106879006551,1.565718634077284,-1.9033146530321736,-1.6583265587575962,0.6290819674956024,0.5625692714153697,1.5241082203405143,0.6498874160260795,-0.654745375239659,114.4,1,Pathologic
0.757830551470535,-0.2966233463403771,0.7366424924930411,-1.4448976343187443,0.09446937485994138,0.7013996500452068,0.13019399393741884,0.10464881693841695,0.7297145960321898,0.17075169918447805,129.1,0,Normal
-1.4386928391725857,0.019703017849692615,0.384503670348668,1.097882348368899,-1.2926733817413962,-0.20421359506273204,0.08128613810580637,-1.3552569153323297,-2.107424545639015,-0.6521815609429731,133.8,6,Normal
-1.3507661124282528,-0.29012149251931063,-0.34308500765407746,-0.4661211264135177,0.467876964170401,-0.060020409216325725,0.1080716904354665,1.0239226738870029,0.578681844424877,0.8851674104845403,135.2,3,Normal
-1.675942839943622,-1.3925673345617169,0.6754303353230445,-0.13858991819515157,2.0585301946755945,1.032456177926565,0.30491640483017834,0.2095096312573819,-0.8449096066598321,0.02248312928627046,143.0,2,Normal
0.00278643134827801,0.9690525115793027,0.3523166088380394,0.6325771536189574,2.8260105726733005,1.1872001054447892,0.13020886284548908,-0.2725068897691677,0.2344969667300129,-1.028660512893739,110.8,4,Normal
-2.1691689059078225,0.17801072927895095,0.3146503739523715,1.2904386342492615,0.32056998552983296,0.2664225081798469,-0.9315406111741527,-0.9559607740571255,-1.6541933917539826,0.15556453711716578,140.3,1,Normal
-1.7651798320829404,0.3935833811362041,0.7172219559541367,0.47004513097629436,-0.011349410602270061,0.5568064008693266,-2.2582083176002534,1.2611997537872712,0.883160273543992,-0.7950601390437055,126.4,1,Normal
0.4713880185566818,0.4512151097897237,0.32607374004596607,-0.8598799503547296,-0.7010125298603975,-0.1400140681410908,2.088026762035964,1.6902897226620177,0.6756388257962844,1.027454051228715,132.1,1,Normal
1.5240174931611874,0.6164554683065828,-1.519245860859141,-1.2203408942515206,-0.7815433056479828,0.2199934379954821,-0.6484143577222993,-0.6724017437404168,-0.8253528553258902,-0.09883403117437521,138.9,1,Suspect
0.06370552269547058,0.1534948513330636,0.054673635758373744,-1.0704636263613576,-0.9186174446122723,0.08722218303741777,-0.17564183675270867,0.2975852366240012,0.40176822717349087,0.6295868056167279,122.6,1,Normal
-0.31401419441706674,-0.8332624794461243,-1.1150617627400703,1.224552717757123,1.4825472480453248,0.039496299377873634,1.1134848073647927,0.43900094168757425,-0.03684736592515804,-0.6181836984533453,126.4,2,Normal
2.1780310593993253,1.5152873065212848,0.6332958381228593,0.8605166672518715,-0.3919575470111469,1.0018216610406996,0.33689736889404853,-1.743539943058687,0.6048574761970397,-0.1934425798136993,135.8,1,Pathologic
-0.5215941146798472,0.6384611663462259,-1.5684394142919562,0.046015409351858605,2.1603096992810316,-0.0500706657441315,-1.4304094134643925,-0.0436975251083045,-1.3838701563556508,0.41458807490863986,124.3,0,Normal
-0.5182727271122004,-0.8977089052716033,-0.03106576400095476,-1.4252247057448422,-0.9287639092914515,-0.6290744745305749,-1.1647841447721148,-1.741207151196711,-1.2125089305406778,-0.15732742631090318,133.5,2,Normal
-0.5364175411284682,-0.8834217814557038,0.05783410151197177,0.8919265941734552,-0.14085751199643734,-0.26939279902513347,0.8802836144752866,-0.018263321626262825,-0.7318236531480307,-0.8917725222388997,119.4,4,Normal
1.5006544859576965,1.9899270080147078,-1.146979213545466,0.18929901860769477,-1.2682892629606746,-0.2862841676967092,0.596933870983573,2.2630134315353763,-0.05129594692715368,0.7179417342328026,142.3,3,Normal
0.5389645661971634,-0.16243987791875925,-0.08108091626871072,-0.7666250102866541,0.5322778607868592,0.44096718785076156,-0.516326285562974,-1.4491477685588605,1.631764908373111,0.28254550785832927,137.7,3,Normal
0.5283738563186248,-0.6775371965486049,0.7677259157728825,-0.05421435257802107,-0.2028390144712316,-0.5581105678393425,-0.0413216757860591,1.8762544950368507,0.17233701507353966,-1.0750919633945832,122.5,1,Suspect
0.32656208146301,-0.5303772639898116,-0.55666537722446,0.5069916117442611,-0.03346028826160075,1.1254109593498474,0.038483240666586885,1.7763810976248997,0.9453804370988257,-0.3627234242961862,141.1,5,Normal
-0.4566623069781848,0.4510057505864596,0.28951406799503276,-0.445551047658652,-0.30987744871215966,-0.26933134877817194,0.24755366504966778,-0.005574911846942584,-0.8763831185725147,-0.8199179543262848,134.4,2,Suspect
-0.3231786783643614,-0.4755720326835869,0.5076350102011045,-1.0362043400535206,0.5566448072454303,1.5691582571105,0.4208239678027106,0.5151557446107121,-0.5723811225050053,-0.4857983390692109,120.6,2,Normal
-0.9645787399820648,0.1333533146078385,-1.0673905869546552,0.18885474288133067,0.6704722733092487,0.026019678754185392,-0.38883650556185645,-0.2834137425589893,-0.6759084157433308,-0.45168508558289006,137.0,0,Normal
-0.39613083003077537,2.3093240166277123,0.041320736908292466,0.25201025078191475,0.8310567409972608,0.5283217054214392,0.7008864555789927,-0.44717891547288446,-0.19825776369735487,-0.2373938624884042,137.3,1,Normal
0.28259319662079524,-1.5711699209134982,-0.21085004251968847,-1.8936770460324697,-0.9406933555155607,0.9937094509529804,0.5939358589648986,0.2033291634036213,0.6666038423088022,-1.4190990795145197,114.3,1,Pathologic
-0.19546654122456397,-0.4059679680585233,-0.014840243937599706,-0.07201368164993865,0.32096889229839226,1.2235966696400773,0.8718390560825091,-0.7747442844837023,-0.33562554009564394,-0.41581634003480067,105.8,1,Normal
0.8092455062412153,0.06131638735762051,-1.6040861641662407,-0.8425036795641944,-0.49739888538015203,0.6270884546239066,0.7707040152783631,0.4731067322385522,-0.30276573371760973,0.9633981695618785,126.1,3,Pathologic
0.26252134849781006,-1.7639844247396872,-1.4073640132179153,0.47666966588250764,1.328600834485891,2.621665510166823,0.7453135590231126,0.04150301949817072,0.5807774178887374,1.724104056743643,122.8,1,Suspect
0.18982183471352376,0.5170618320982326,1.2200695381209865,-1.7034963453650944,0.24737355532246805,0.0034501221331264963,-0.45472145988753815,-1.0673422822002545,-0.5066794210848506,-1.140520387110353,136.5,3,Suspect
-0.8678579416241415,0.8952855473693928,0.756290751183162,-1.2737558328904308,0.3002316534716588,-1.5090714112255346,-0.12404273680379335,0.7095341875362866,-0.7742569537754799,1.078619747918137,123.5,3,Normal
-1.2264958691245826,-1.3884234985258987,0.22010236025610685,-2.3432777478717592,-0.276810741205525,-0.03470377817155866,-0.8513928116714039,0.7357054075129726,-0.3355002069516817,2.23590674501605,124.1,1,Normal
-1.126298240361336,-0.08140372944522338,0.9016305742324481,0.4149330368889675,-0.813482499982881,0.7947572941095727,0.201086950898229,1.1230064258059764,1.8249841142334213,-0.19623594444955875,148.3,0,Normal
1.0878550075650766,0.18311138078350558,-1.3258973505364025,-1.498831284603956,0.0734496722495345,0.4548792884921246,-0.8014299222893618,-0.47969564678271653,0.8805869507480197,0.510781938438098,142.7,5,Normal
-1.7271459278014891,0.5747173092588461,-0.2269875389956217,-1.3262329845876064,1.2248943399071583,-1.0182052990244193,0.4699074612772904,1.0289421272749388,1.897713892625441,1.0147579914743676,114.9,3,Normal
0.18988934623965165,2.668950875155064,-0.32102686896615706,-0.09115857390798143,-0.7694574853232367,-0.3379968379896119,1.1994832020875585,2.1666910177970067,-1.3023899453292258,-0.43582110815226544,143.7,2,Suspect
0.19043857864742775,-0.7412988480696138,-0.7701848146827153,-0.15935429148109995,1.3197877412101962,-0.8096781437586444,-0.0006920069077595209,0.029680775204726968,0.39007804535203633,0.9505612441368687,145.9,2,Normal
-0.6842537337606198,0.5373899678950392,-1.1336847835065484,0.6369093572174899,0.5693670751122143,-0.6640772725732259,-0.5413868120930396,0.11868221672171668,-0.37244204553000065,-0.19105158086868146,128.8,2,Normal
-0.03590428343249522,-0.12748110094244575,1.3161684409129761,0.7376409748812408,-2.0302579632919513,-0.09347244726452532,0.4940320784712015,0.6786666213483495,-0.3125801835313747,0.9578419335959977,126.3,2,Normal
0.17123380125684315,-0.29816637150316316,-0.629370751121835,1.130215856028053,-0.91561725033725,0.4666655457124929,1.0322830006106862,-2.165680138117331,-1.5406640492165278,1.5167602329590546,111.3,2,Normal
-1.1551452823764166,0.01621206490191607,0.4506391392559471,1.6146366644777677,2.2883863912656532,-0.7288693202648485,-0.7477637233401829,-1.3661105699712093,1.3001976719157406,1.2585279947813575,116.8,0,Suspect
-0.7894371578339167,0.4107603041658391,0.3322475045641878,1.0426621798991051,-0.12137289932230716,-0.6344024624231787,0.11554680704393382,-0.550731757926405,-1.6222176416773106,-0.31370330105603267,129.1,1,Suspect
-0.13409118065147804,0.009628312164747008,1.0454237619676576,0.33257054289700616,-0.9040130653147235,0.7107488118305263,0.3136006894747803,-0.3410448155253657,0.8895605871734651,0.5985984282434756,125.5,1,Normal
-0.1032947400699147,0.27537720447925257,0.7341736002558139,0.21736525687081018,-0.8721037431729777,-0.856406657824183,-0.2780152420063332,0.11218996700104651,-0.3940857687583503,-0.46854174714542357,126.8,4,Suspect
-1.421921459941455,-0.0803857239135948,-0.3075375724825082,0.6166393648786926,-0.1360450531093237,-0.9014523419644012,0.5128870333294662,0.26726002874983584,-0.9111594140015176,-1.1397181037126176,133.8,3,Normal
0.003295403396937681,-0.9369974775645797,-1.2650829874269707,-2.020869697653652,0.9181275704362928,2.1983626831944796,-1.6376005152700415,-1.3729989920576657,-0.9553180902634281,-0.22111048051107487,148.0,1,Pathologic
0.04116213521070206,0.8255330389597035,0.892342517369854,-0.15467385156056726,-0.3376859784852394,-0.5267802405007055,0.3438636486390188,1.1522535898806603,0.05011310821542261,0.8178878447720035,124.3,3,Suspect
0.9157987792801886,1.0267488449202842,1.221922616008174,-1.8273696439441154,-0.775522475798711,-1.8254050415922096,1.7935458465668943,0.33312516310656526,-0.3663272246911236,-0.2720259861913245,124.3,0,Normal
-0.10521372430057348,0.9812617348921341,2.463156776013101,-0.7349108992572383,-2.2655112143480305,-1.2398552589996306,0.560412126009888,0.05980856455802103,0.004518791321609828,1.4558290067226074,128.9,3,Normal
-0.48696219042961175,0.6743567861532721,0.9780122547503663,-1.475887817643758,-0.9098688250463103,-1.9931009625563734,0.0382981749349034,0.4905450002734772,-1.9857082605627776,0.07765431258613725,127.6,1,Normal
0.683721718470196,-0.7758815807558014,-0.6388227260140933,0.3888817925122456,-0.6982683433496704,1.6495111273318614,-1.216136700881672,-0.6153347233042594,-2.064903244849743,-1.0702148894678858,147.2,4,Normal
1.0300526673459562,-0.9534918497296567,-0.5089666624653502,0.6011079756777128,0.3214183225759576,-0.07229040298319202,-0.3430761274764956,-0.23852162668759627,-1.820740617855909,-0.274019502245283,128.3,1,Normal
-1.4686947828247536,0.9159394516226752,-2.076402990048161,1.216098575257402,0.40550812450162765,-1.0410029503726623,0.3089277623552166,-1.08268659667724,0.8023369642306313,-0.6397230991176679,139.3,1,Normal
-0.6091563433068996,-1.2041745884635178,-0.8117125045437562,-0.9673892107696979,1.43882993815384,0.5611275907680447,0.09332981393224497,-2.204012097162041,1.4482425185922336,1.3175317934903998,156.1,4,Normal
-2.2004722562810097,-0.6853973770865042,-1.268858238445538,-0.6577651739520936,-1.1903771946729123,1.7122785579278623,-1.2341432877310707,-0.2363836928368915,-0.2636392509657722,0.5052180082403332,147.6,2,Normal
-1.0484862025223136,2.1461287237010658,0.5880672543496098,1.082779204963611,0.13348654971527732,-0.17106454128161505,0.24928055615753314,1.7246087334224507,0.7440790611940103,-0.061756966677315804,128.4,4,Normal
1.3969046375258427,0.507865917359489,0.9575260798782512,-0.5120249014986505,0.16054224148047128,1.6330025503348424,-0.8574660501739337,-0.5686777842729104,0.346664576730214,0.74483791918924,125.6,1,Normal
-1.1627127316959949,0.15943847495269078,2.25816404507233,-0.7186677700831247,-0.9999467118829597,-0.3362138855884481,-0.5745413959420724,-1.5566876368448637,1.168864317201044,-0.7727646039573872,120.7,2,Normal
0.375806883935315,-1.8519335739728477,3.0873696143776233,0.7125789545647868,0.912864173760666,-1.1766067432521823,0.8968939771724813,0.5647266917224949,1.205239637718639,-1.13542255774196,131.3,0,Normal
0.3197280266212497,-0.67114791302951,0.24880526213681678,0.5186111354242031,1.7042340026181917,1.809941831752705,-0.2386071767557221,-0.47870787260736775,-1.2361962614254316,-1.2562129694460926,114.4,5,Normal
-0.6745342367234806,0.8360376325539461,-0.5827966383802272,0.9571235447717259,0.02384813276755844,-0.7212446540297881,-0.6461986217193798,0.43737198453963466,0.19261635729827167,-1.8281003748966693,152.6,0,Normal
-0.5452093569826791,-1.4833028533042774,-0.3910371847464445,0.4823289596499393,-0.47742015110443436,-0.5654340910212075,-0.9846737374015992,0.6608187942600514,0.856677057102168,-1.0610409510450798,124.8,2,Normal
1.3013461647534712,0.4026778602089988,-0.6923449620172313,-0.3941476452231167,1.4938774205966732,1.0390784876351231,-0.7152550980972164,-0.5065347661649882,0.860674428654575,0.5645868642947197,130.6,3,Normal
0.8523746716111498,-1.3821307152439428,2.34370129792743,1.374258381503457,0.4367183572797294,0.03549236164303278,-0.5395254574357409,0.414789134156115,0.7668365058310377,0.7304021552930583,132.9,0,Suspect
2.1461525670065527,-0.6238766626768987,-2.7702476582856566,0.8832466591869957,-1.215083280432434,-0.11033841177227262,0.8579900616502082,-0.03545455362005592,-0.03276826638200642,-0.8681177496313714,118.2,1,Normal
-2.646046722883481,-1.573435424401118,1.6202491053768215,-0.017144516174538767,-0.19388484012978663,-0.25451463243934397,-0.032028933804671415,-1.9678689148858746,0.6764658595051084,-2.0088439441819266,140.2,2,Normal
0.44287640449800186,0.09510794444730397,-0.9333359753025697,0.886242316937217,-0.3619965601060131,-0.666118495703537,1.2041882195535987,-0.5245819814373465,-1.4205939878039255,-0.40479223217602317,135.0,1,Normal
-2.475934250937392,-1.700640686117116,-0.39122101576624474,-0.013355288171012837,-0.8458330885164276,0.180902357764265,-1.1682738528124468,-0.8297554405869342,-1.371577450297758,0.4996760027237316,127.5,0,Normal
-0.1329484844073555,-0.08378497208835711,-2.5802463668369184,-0.927331454849279,-0.799210490297645,0.4874081968934741,1.2909021613319829,-1.5081552086191232,1.5085678481153226,0.8336141245841484,134.0,3,Suspect
-0.31680002695791953,0.6387648552754887,1.0549978738830847,0.11068371688403633,-0.6694277167505298,-0.22325518418458012,-0.14964886505860542,-0.8472953293015333,1.0884122768138178,0.24337306011586934,129.4,2,Normal
-1.2423405407663286,0.199859790931328,0.7931466805604331,1.9263131292487818,0.8107069902126824,0.5665822166480847,-0.22606794488718338,0.6712065248980834,1.5826760488158484,-1.0064730080663233,130.1,1,Suspect
-0.7016377086168153,0.4648192216059643,-1.0933557914854115,1.0414629533846436,-0.29436193233159064,0.41223893974644593,-0.23752908308077322,0.014023336712242904,-0.15376930085814064,0.7280976945731941,123.6,3,Suspect
-0.39657112055884197,0.22583506497442757,1.107533752471635,0.41593278987198545,0.08603306216638272,0.3873518039955725,2.2595957081170495,-1.8557398052814,-0.977668312420428,0.39457446115047745,131.5,0,Suspect
0.3398138591352396,-0.09090779875108165,0.9149963304493489,-0.8966289078667822,0.9675726144116957,-0.2841103643003311,-0.4767124608160457,-1.1108935121520438,-0.18692932512014582,0.7396007890720552,134.5,1,Normal
-1.244052280458329,-0.06844833533755107,-0.5302142448046587,-1.182786183836103,-0.2988268917208286,-0.37145165349301507,2.0708272655040805,0.015180399714921952,1.937997644403704,-0.8908185616452344,122.0,0,Normal
-0.8353306628987979,0.29303694614897763,-2.0524208250848615,-0.2444007254356354,-1.202670820843326,0.3705411166260755,0.8634894520567875,-0.0029702879996052036,-0.8385100093195338,0.5134056038702878,133.1,5,Normal
0.42166289426955883,-1.0918113439756707,-0.2190760941535368,-0.6074799336992367,0.944188654049589,-1.199605423509238,-1.1051656606379046,-0.3204327354373791,-0.17343707410515433,0.8684091132825498,111.0,4,Normal
0.621099441984376,-0.395969937804921,1.0416669862797006,0.01773537280171944,-0.38043607939001806,2.8996393196152095,-0.9616357929694483,0.7533859078687299,1.2177175297326464,-1.3508736993103603,142.7,1,Pathologic
2.531613168681015,2.034031819824967,-0.9149634042021906,0.15088776418461877,1.781659252033104,-2.5150422896480014,0.19202255264665372,0.3690006419967708,0.08047145439840292,-0.6156374928771858,118.0,1,Normal
0.06922493131487738,0.48473002078403776,1.0812884459888743,-1.422556446929711,1.0087284103551528,-0.5608762022984176,0.10379223786748729,-0.571369911687442,-0.3878331656087389,-1.5211083796263498,113.0,5,Normal
0.5342761764911192,1.2491504763381314,-0.8606277771492874,-0.8379640414595447,0.5292758624934807,0.5141400375224067,-0.3983340147990841,-0.6752950128127212,0.7555491952000655,-0.8123218874884359,125.3,2,Suspect
-0.3234093789728756,0.3403675288999773,-0.09055002483875045,-0.35455861939551353,0.22634496906046758,0.7299278638529494,-0.5352357231475046,-0.20154958791230587,-0.47697603056923443,-0.10359611963515265,132.6,0,Normal
1.3033396653506883,-0.7319114482797061,-0.7365121884623297,0.4362697105033872,1.1226512779540745,-0.8446653494084417,1.5488135477971707,-2.083503201448665,0.4773203105653895,-1.4475546043565002,127.3,2,Normal
-1.0318571354785817,-0.30462400565059566,0.1564922965909999,0.4736537277074382,0.24927913017639722,-0.6502594840267331,0.15390712861532604,0.2921121032368617,-2.414216528802493,1.1122187764452365,138.4,5,Normal
-0.1663272082680708,-1.7422915321692412,0.8212406457198609,-1.0333998667344277,-2.1715648097444977,0.04990099409355306,0.47026392167187353,-1.2564785760219381,-1.751379880626239,1.1266810693653648,127.9,1,Normal
0.15170486806031555,1.3744201881834863,1.6307477379234365,-1.2247491401559847,-0.10172391830759199,-1.3581159729752141,0.11733159316713275,1.2095285467206056,-0.23369246639873112,-0.1303861161482368,128.3,0,Normal
0.389088828556283,0.8954395734172974,0.20835763949494532,-0.9465470229183619,0.5716179901532275,-1.2022754719189606,0.04334583227212923,-1.711975460083663,1.3342368605206218,-0.6567870400393865,129.0,4,Normal
0.8366863056294833,-0.8364193032045063,-1.5587460574223424,0.7965111706615287,-1.004131912486358,0.8766365707379895,2.1545055769986363,0.36960353728052275,-0.16386496434453085,-0.04387586887988915,147.5,2,Normal
-0.30299426061131707,0.7642609080031846,0.6320747658921948,-0.4737922785437844,2.592277117186734,0.8171077035478717,0.5731111458096858,-1.9912272185723627,-0.05213093383209423,1.4590973526283029,126.3,2,Normal
0.7931183740137343,0.6745774992203892,-0.2978285545045268,0.10640459050768807,-0.14646236277834906,0.011683280009675714,2.6302890377076285,-0.6456381703109236,0.249773349160565,0.6247400340083096,155.6,2,Normal
-1.51412579900181,0.07723585559749914,-0.3193050840653369,0.4170691348222456,0.5617126785737231,0.7698122509398823,0.7783578714078977,0.3955176487257296,-0.41166777252087766,-1.7992867322170718,150.4,1,Pathologic
0.15235617187259173,0.4761527011783217,0.10580334897082261,1.2275806101599351,1.1722527018287143,0.09324756490675656,-0.6523141491246983,0.9173765241053562,-1.6091271114613916,-2.253771951536993,118.7,4,Pathologic
-1.9872953175255492,0.5700373643391022,0.5591997572399867,-1.2205313895550711,0.6041956609247374,-0.7740268713984307,1.243784993711101,0.8670119702975119,0.6886763948486218,-0.9059622894713063,139.9,2,Normal
-0.3257837276435488,0.3845595152524382,-0.41356985961782416,1.212863616468135,-0.10664127795658375,-1.158461883396106,-0.07681945247645214,0.687282845433353,0.2658174460916517,-0.043100308772579025,124.4,0,Suspect
2.400813820339363,0.1511466842424821,0.580957068601602,0.5779354983521844,0.4007510592745892,0.6245465368520522,1.5247299004984358,0.7982311979109847,0.34274652759635194,-1.70241601960697,132.1,1,Suspect
0.16636159264912173,0.08575989466816217,0.4047443649481947,1.6676356500475582,-0.19320504022332471,-0.674547528233519,-0.67605810992567,0.8827570737754092,-1.114422505569928,-0.20605773816647463,114.6,3,Pathologic
-0.5768543646302624,-0.5672957262869229,0.5816924776097692,1.4051944695662684,-0.0943171141406873,0.8089757841034235,-1.5849423949058294,-0.5660199642765463,1.5265141993242344,-1.6763646059669306,129.8,1,Normal
0.41485854659270976,0.9083571793669805,0.8798496394258692,0.10966573511801514,-1.1473102880909354,-0.30551904849386796,0.10212703478971603,-0.38827078266021225,-0.4295251047535405,0.008001171519070151,158.6,7,Normal
-0.1472795827556771,1.981433616445425,-2.2062796536611207,-0.7483212512101169,-0.26017450028098993,1.299249768374867,1.4678806930071935,0.6696126326465569,1.430452810066438,0.21753655112524314,122.9,3,Normal
-1.2247871509351207,-1.1199459747999747,-0.39276202807598704,0.660950775332015,-1.2028847841779535,-0.956539647222659,-0.6306123210815445,1.0870670637300288,-2.109643197462209,1.7041927741778762,138.3,2,Suspect
-1.9445808357818732,0.03438326271190891,-0.15270708500258948,-1.1194320492523926,-0.004814614022661205,-1.1390428750284878,0.5798532721537135,-0.1691271973484276,-0.42641566908223844,-0.13212910005099643,132.2,5,Normal
-0.1124033583397478,-0.6535334009323095,-0.24905323635960813,0.21623771780737427,-0.40703776056402957,0.20608468281175688,-0.6739770175211643,-0.5568691364973488,1.5229031180613637,-0.3551791453150215,125.7,1,Normal
-0.2945235707363681,0.5504269870562045,-0.8661589503906175,-0.7438084634243811,0.5016768658944708,-0.34813939704991903,0.9441792763021701,-0.5903522539883699,-0.1423494867038974,1.3336041255151698,143.1,5,Normal
-0.3537971928526238,0.42650782205229043,-0.6524532819286558,-0.2412270864363324,-1.4955909530405966,0.14763979171644745,-0.3650131016948015,-0.8528098191048415,-2.4554544311423454,0.6531719712380791,126.4,2,Pathologic
0.7438985291429006,0.1346979516531082,0.5212266801331986,-2.181734434871021,-0.9282984785314161,-0.07307984889874737,0.26827617330375925,0.4441862917883572,-0.9599120598361223,0.042646039044320225,130.6,1,Suspect
1.2921135592344744,-0.5914196734471732,0.4608244824144868,-0.0840770074373907,-0.9202378597688893,-0.5153646922997223,-0.33313519582371715,1.1075368637194813,0.2803266746535195,-0.30421906122906467,133.4,0,Pathologic
0.6447627831729481,-0.4729767849223637,0.032543872795368856,0.12008251691791001,-0.014707053393901937,-0.26849531270456745,-0.7503588440883727,0.45920575309562206,1.435608446027946,1.7008820531428384,143.2,3,Normal
-0.41560055742460167,-0.7606382212215629,-1.0040100098467915,-0.5326604411237671,-0.2450296452341459,-2.189619288740947,-1.9226612175866826,-0.044016376073842754,-0.2876610272397861,-0.7321438466651999,127.1,3,Normal
0.05421959251631708,-1.7215696172483603,0.8595501868846764,-0.08431668724009128,1.0965643845569926,1.4899591157997838,-1.2998701806350366,1.8919783237067298,1.0953993903849797,-1.4772976989577316,153.6,1,Normal
1.0329848860008437,1.2291460367312494,0.7874011694083263,-1.0839429239634841,0.041822812860986956,-0.6415681820097752,-0.27840437820706043,-0.01869446565665592,0.3949315574389649,-0.19168676137467172,113.1,1,Suspect
0.8114382344060451,0.6686578836941681,1.112417351005907,0.7795476288689807,0.0001042007111768223,0.4355488632262984,0.4487713670449504,1.3694294950242492,-0.41185336967487307,-0.31631120562695225,125.0,5,Normal
0.5093131675801678,1.2902843612516786,-0.7816151333486836,0.024904428525932432,-1.055155475794022,-2.0802838852604024,1.853999323087827,-1.0981153176979102,0.7870258408837805,1.2054896929416197,143.4,1,Normal
-0.5512478639590574,-0.34881653830940507,3.6270042054729146,2.238481650904387,-0.28882032992193557,-0.8871725511822561,-0.5198091960986466,0.20871867231484822,0.9604696103246824,0.1556742605319179,125.3,3,Normal
1.0370121442929736,0.4900405641525867,0.22005224784027436,0.2922563260047706,-1.3344505255174102,0.24988017726320244,-0.636961352263121,-0.9893081159244762,-0.28741465098244234,0.9151765580466453,132.7,2,Normal
1.34531693842702,-0.8476466971699236,-0.7574152553168227,0.3824624443737205,0.4936980067449902,1.8063422479153128,-1.3249969440538498,-0.9272406635557129,-0.719437018525869,-2.5604053037694072,121.4,1,Normal
0.820001944776834,-0.5696160829012129,2.3789576479160424,-0.469338289297495,0.8307935587754641,0.44147711279885354,0.8555589515263757,-0.8140057406358169,-1.6171333535129837,-0.3342196257494079,116.8,1,Normal
2.9432213575689063,2.049379742004378,0.7476199105550225,1.1921754938093307,-1.5076379054802298,0.5490507050828576,0.5714712260137371,0.06107187569392612,0.41776631890169874,1.475760599685569,125.8,2,Normal
0.7489238695061163,-0.3731611965719263,0.20276790523947286,-0.4283809013888621,0.044467843958388216,-0.49869334359804146,0.4474617314882909,-0.4640771969423624,-0.5763281274635002,-1.0788959819598836,138.5,6,Normal
1.1473608227404268,0.9473397830621964,0.32352579765013206,1.728716866169083,-0.1044942591366982,-0.02183766648632016,0.34466686781517863,-2.0709481567139365,0.5223067322624543,-0.279198609000106,124.9,1,Suspect
0.6406984878835272,0.25116500095996225,1.2823825032614968,1.6997628431605378,1.2042584040069202,-0.2072819485609616,-0.3732390904412167,-0.4360039973002399,0.29275498601906524,0.8390685574889315,130.1,0,Normal
-0.12959439500582934,-1.394900874112207,0.2522212889706511,-0.5122662547948191,-0.9996214674222774,0.2973434944861839,1.3584398966671505,-0.6259208365739711,0.35215192869790646,-0.5047194018452121,126.0,3,Pathologic
-1.1760636234121697,-0.1345564732821182,-1.7247029746242024,-0.27694780218321235,-0.7598135088180639,1.2303438787291487,-0.7766873016129181,-1.748996810600705,-0.16424747312991808,0.7824399806105751,137.8,1,Normal
-0.7692718982260622,0.3777944298783856,-0.01800917297803531,-0.7255638903174584,0.2640035374022499,-0.36113632723680217,-0.4738292150180451,0.4527125596416423,-1.275530185609032,-0.6041289003030337,114.9,2,Normal
-0.7589136614834615,0.7097324733784194,0.899574594692712,-1.3367891312568188,-0.48785537291991393,0.015380683297472286,-1.0163175775939435,0.6651619497721645,0.4727834467587808,-0.03737295421659121,129.8,1,Normal
-1.2089023874827023,-1.7870271648655922,-0.04778586710843107,0.2937461015060542,-0.43534335447519135,-0.40442211401885086,-0.12887897602225987,0.6167021948519065,0.8379874217718151,0.6710186922853857,127.5,2,Normal
-0.2866469355742073,-0.965358097569589,-0.985146656407113,0.004531189606456125,-0.4537973373977228,-0.2702136026797654,-0.7753848710378696,1.7032143385109277,2.3250965243539445,-1.0917031758623854,121.9,1,Normal
0.0032332107328781226,0.31047895279189475,-0.03636075914434371,0.661277423157759,0.5225808330998779,1.1232950435741331,-0.6293800136334392,-1.1220518802050528,-0.5939627930414648,-0.8140995390907425,143.1,2,Normal
1.1913669927651387,-0.9408470934377269,0.8642532988795059,-0.05014852702861322,1.1361187647010922,0.437391380391172,-1.1998632230968516,-1.0974171867013949,-1.0473258601817748,0.9142435650751161,113.6,3,Normal
-1.2052110209929203,1.2189270505041108,1.2759951598819534,0.8722596620520212,-0.08245979444762586,0.308060424680881,-0.9584480534037163,-0.03441353478602255,-1.1674580768017475,-0.7878593120501741,134.6,0,Normal
0.891914702905945,-0.06224230354151075,-1.1091771395339134,-0.0478278484873642,-0.27066668036207636,-0.1363392288002878,-1.6085929937897072,-0.11906197341001587,-0.05001675795321823,0.12640293486708326,135.5,2,Normal
0.26815084500479924,0.48654533169102104,-1.1774090857246517,-0.1949803641518823,0.6644106854635584,-0.8733299067334078,0.35807769983898385,0.13357863693023803,0.8027577780430302,0.973850929728091,127.0,2,Suspect
0.376521686482935,1.29582906389073,-0.05890390581220456,0.0873039598268474,0.20666736262656374,0.6864543240992922,-0.862234568685379,0.8359587500846041,0.8908586865839546,0.09213705184547485,150.4,5,Normal
-0.09619343946386219,-1.2146089286575963,-0.6928657616252791,0.7598673428220839,0.1588177985523558,0.8295195608619242,1.611200058936642,-0.2558318610130631,1.5688775732437412,0.2728192018402173,135.3,2,Pathologic
2.091902716313116,0.46242221304486575,-0.5781828526995589,-0.36960965234470156,1.1336543173303872,0.872140567752631,0.9469729529976285,1.0328542018929228,0.3854333176877962,1.549518279855325,123.8,2,Normal
-0.7862412935770378,0.1347334700011025,-0.268748336236271,0.9082876314822727,-1.0666970991707763,-0.024068822175265042,0.06967374552180725,-0.7713186773766216,-1.1995067994241515,2.3006888083473385,137.1,3,Pathologic
-0.5583494152228018,0.16514960465091102,0.7660810443218558,-0.7371098923735866,-0.2632676801739483,-0.786437732112477,0.5701061681007504,-0.5069878340416524,0.23980956177633747,0.1361491791190145,126.2,1,Normal
0.11773090421845911,-0.22373321153954193,-0.843834678649204,-0.31410723133143614,-0.9808711685149745,0.6322647827721852,0.85850833445195,-1.1110979454979926,-2.0991382838085504,-0.4240543556714083,126.9,1,Normal
0.3955905884894966,0.1592673756832678,-1.1662467429945735,-1.8652604988352641,-0.5363546587636148,1.071792188112106,-0.49494583640822093,-3.4114818514957457,-0.3463263844364599,0.8333016496398707,142.2,5,Normal
0.22491342350934548,-2.9257652270014245,-0.7390564336139765,-0.341275573935602,-1.2748968566701546,0.8311316331034055,-0.20345702966356777,-1.7501508962427432,-0.42454375415899903,-0.7768241527033252,136.4,4,Normal
-0.049938638351722645,1.2441675702687838,-1.512871810824244,-1.1218630012659363,-0.3781628922619241,-0.7882816424078456,1.078118537463164,0.8949393424219253,0.4601143726717469,1.3130480223394778,141.7,1,Normal
0.5264205994861666,-1.3361997417927676,0.05258491795244973,0.5542045376176712,0.37012920158897605,0.36880745451901875,1.1427796939567287,1.1025482223889507,0.4398307823255667,-0.5472096334411544,106.1,3,Normal
0.6016164378504717,1.7745254185151405,0.10911377945396164,0.5090089432118785,-2.6311216183560515,-1.9533509775883608,-0.7712612990955094,-1.279109102406665,-0.7393884559816006,-0.42333816912040784,134.5,2,Normal
-0.03860841205714724,-0.9493970160118048,1.009995255776162,1.2167199873468246,-0.3264350603604903,1.3321593584315776,2.295956515814337,0.9314499486366771,-0.7097112142500085,-1.0260598953776383,146.2,3,Normal
1.8367411980347603,-0.9927855580032741,-1.058601386078792,1.6615831325110635,-0.08981514006613373,0.16350232019718014,-1.352634067095366,-2.428415288785528,0.06445341973925185,-0.8492017763699442,119.8,3,Normal
0.4416319525356707,0.4051069957141638,0.12283190816432978,-0.16283392425092635,-0.27560290270380206,0.19229393087928837,-2.2855079624388677,-1.031491567914361,0.4764311595458362,1.1803872609614863,132.8,2,Normal
-0.27554477364433705,0.2714202870344152,0.3349547068996155,-0.7378645052074531,-1.6756645137246928,1.541880838637576,1.722540897588327,-0.46758090637553845,0.7356631833560191,0.3424664473216029,128.8,5,Normal
1.2434524807577758,0.450759679828571,-1.5479841100390428,0.46914036406180626,0.9555741934036592,-0.5931669000436119,0.728696130220934,1.0537221639502012,-0.4857269436326334,-0.0526268427615542,138.3,5,Normal
-2.029273165711615,0.36184830906900356,0.2191188254091081,-0.38804560392688797,0.942472667893661,0.11575862797239979,0.18539458708301276,1.8064262821945325,-0.04914925383583715,2.050344902996132,125.6,4,Normal
-1.1252151714397416,-0.14054421257311656,0.2563020716858455,-0.6048202321041711,1.1435118214239643,-0.8624823702618475,0.8100719370876429,-0.4631267849267956,-1.0417474740709665,0.11832953080014945,139.0,2,Normal
-0.2039376989193118,-0.36761378585437565,-0.1279628992272175,-0.01710800497187155,-0.5584428700910614,-1.497215839815326,-0.6790065810885964,-0.06842874414416956,-1.0286460655341652,-0.017600887926295463,128.2,6,Normal
-1.1779280086900232,0.5822785806937449,-1.281343227418029,-0.588588926616408,0.17245695358535204,0.2788328871129408,-1.7379770973274515,1.0407112641245753,-1.9331014749743518,-1.1127904418441403,158.3,2,Normal
0.8033114898211828,-0.6916471251850459,-0.07612215830025806,2.0595021393743487,-0.7296099867368547,0.23301866170157912,-0.4496797636751418,2.2478103707147756,-0.6326716095593896,-0.8091113865326673,134.8,1,Normal
0.7692592011639311,0.11927941286958346,-1.956207989887433,-0.2637485553209656,-1.0723939678295538,-2.123636957833225,-0.6972220276993749,1.1879431295665877,1.278852528087389,-0.9356268516109261,154.0,0,Suspect
1.6311057884363391,-1.694639758898166,0.3252055059107649,-0.030676860635863046,-1.124842212409544,0.7292510508155775,-0.9884567838967071,-1.2101485441619266,1.416930096382627,-0.6856532218504325,137.6,4,Normal
-0.5776189966522952,0.25401248876351856,0.7416357007737486,0.8094488491829497,0.20064286108936585,-0.04212649501215665,-0.6027254290952483,0.8758948264063725,0.5673927963992018,-0.46792306370843634,127.3,0,Suspect
0.5674982329071666,0.09845338388644291,-0.21896331001918418,2.1899787512969446,0.8359543791759165,0.7522844220880874,-0.5886701097279828,-0.6460277550171204,1.0056012466963546,-0.2851490231005781,131.6,5,Normal
1.279737816353076,-0.0409571826431294,1.2794266255754783,-0.2254937266167944,1.2863556897336317,0.2351025028085399,-0.47194638645030806,1.400979903066063,0.8100080805458922,0.6994814325526891,135.0,2,Suspect
0.16253840791466043,1.7061894521528886,-0.6971421101837904,-1.8720206666377681,-0.04954516178487683,1.0457299277157326,0.3810829552999635,0.6329894262003184,0.1734480272398159,-0.025152298002789855,108.2,4,Normal
0.9858842956746314,1.4948623153397882,-0.7280088931013831,-0.07656061725191814,-0.6821839830987169,1.1603630565208076,0.5578398596379731,-1.0228418282618454,-2.436051857124718,1.7881548863294903,140.8,2,Normal
-0.10005407261692642,0.9144363923203694,-0.2785324271361311,-1.7059358055118121,-0.0966698124922824,0.1992664082643612,0.29953134922589425,1.1051552743414552,2.2656179101532943,0.6302964030767575,132.8,0,Normal
1.3147138718694062,0.8924727564028981,2.2635786207847044,-0.5162538782654704,0.9712656666994436,0.9228605347644488,-2.54091682738894,0.5289556732389198,-0.20723253647039702,-0.7065257309201995,136.6,1,Normal
-0.761022240385704,0.10567787518056813,-0.2841848479803226,1.4975143731821112,1.6224269794452169,0.8823739091995807,-1.0173200880815108,0.39841895907111435,-0.21229675204812146,0.45216071541212266,137.3,0,Normal
-1.5515258314549192,0.30740131454631436,2.143332726468505,-0.8014148680545049,1.1771661469291008,-1.1817689836001941,-1.0037462888925395,0.029985380086713042,1.4607562460627435,0.15123485633414965,118.2,2,Normal
-0.3788834449683806,0.4326832672865235,-0.038495669338720485,-1.0460194321024057,1.0788195099053957,-0.8827817739216482,1.1966960149067345,-0.5236602195126087,0.15975541828821876,1.3965008458351416,132.0,2,Pathologic
-0.08786197855339974,0.6025151621646466,-0.8071877778710534,0.858167069291827,1.3614975340403845,-1.010185942965421,-0.8484559043306178,0.6172915785286769,2.5181350970315126,0.8212578075702474,131.2,3,Pathologic
0.43755596963550447,0.07139691262109735,1.9529092636977805,-0.21808212893907286,0.07359690768512224,0.6638333338589415,-1.8972682279579858,2.2015826768983504,-0.8310266421293468,0.06775499251406593,118.7,2,Normal
0.45102197516085896,0.5420806579452444,0.1847040380472347,1.2099079995498396,0.28178836102692695,-0.7074027387641411,0.6889933782439619,1.908207868124771,1.0363900724910853,1.74858777324967,145.6,1,Normal
-0.7094142798159258,0.06458991554601058,-0.2940586373674921,-0.27923009647078467,1.0601038291362226,-2.0323477853328202,0.09124790412565568,-0.18439205293802743,-0.24530480150840903,0.5573056130575843,149.8,3,Normal
-0.9985318591935571,0.42160984878846197,0.8609894919307937,0.645205842891909,0.5149770006122194,-1.0088523847585962,2.5144037394370837,-2.1039079982303104,0.10039361290833,0.6011929678805756,127.2,3,Normal
1.6264351863094368,0.917623726661712,1.2472788810886621,-1.5424888717907659,0.8670672974943622,-0.3825773271099458,-1.381132140002759,-0.5475864557249589,-0.8807408368706315,1.5031407296854136,136.2,3,Normal
-0.13771524196968477,-0.656122336169815,-0.581258769938347,-0.9348558701104329,-0.6077813882900691,0.45965129603133237,-0.21794926380435642,0.14608235509330955,-0.6297397618227563,0.856790156456524,130.5,1,Normal
-0.47572549312590406,0.13233258760916203,0.9017769241839366,-0.1847803026849232,1.3985963047437477,1.292776147400815,-1.0370992014706155,0.2852309279501746,1.2903558141736342,0.2159484434398328,127.5,0,Normal
0.31891394831106346,0.07590260771398322,-0.2266050804015832,-0.40386906185651705,-0.49899321073525277,0.9523801804383563,-1.0351456507520296,0.8984527091539717,0.5179434713330772,-0.0779279943477811,126.6,3,Normal
-0.9697944721214979,-1.0182299521929794,-0.9811424852895938,2.498132277907581,1.1122364588747515,0.17812751478468838,-0.8227204331514913,0.7261541736492156,0.4233001720100288,-2.0190708089625815,118.4,3,Normal
-0.7148838986536048,1.3910977039954633,-0.7073790646081681,1.0159107275456203,-0.08954277457772752,-0.826926637137208,-1.0983914526009606,0.740930707619024,-1.632402808882629,-1.8457067210927696,134.6,4,Suspect
0.7918760151045747,-0.8255549010287061,-1.1719631467464016,0.989382863230046,-0.5334600755796992,-2.004418569902834,0.18589724751840855,-0.6334298970881983,-1.6042464706880484,-0.11740072456547468,124.6,1,Pathologic
-1.0144915084707233,1.4326107544799025,0.08712149199059373,-0.17076317756600368,-1.9935585944190743,-0.4870309458901504,0.0629965595757312,-0.5230332108208327,-0.9227050048586092,-0.5552528689140527,137.0,6,Normal
-1.3292223989057577,-1.3423875603326885,0.09073290489632418,-1.3930127446925291,-0.21783198911564544,-0.2864272037764849,-0.031532263180737284,-1.0814594723950006,-0.3960177011117465,0.01882260330646222,126.5,1,Normal
-0.35562620123263206,-1.4965625142619245,1.1422326135923446,1.673257873350256,-1.2472182474048685,0.10004299973362167,1.2682729020094665,0.25994724512605494,-0.10275336510636221,1.0170602342223178,119.1,4,Suspect
0.25903957438974085,-0.33610266165215724,0.8684174061657237,-1.620796494671639,-0.9227711761792179,0.8948177814461855,0.5581089495400553,0.8651706090921412,0.31634155741801256,-0.7726015133471896,124.0,4,Pathologic
1.374702834375561,0.3977978909923016,-0.4038635090780776,-0.550212653438526,0.5092188376565765,0.671331277591914,0.8354575060096069,1.0690283302211145,1.0223351355689776,-1.5763412542732802,134.4,0,Normal
0.3405101489086057,0.39223395525716737,-0.1930423352319717,0.5733999079506632,-1.5180972582547145,0.09345555359531504,0.1614315690247552,-2.5082667470907896,1.4702362956849,-1.2991409947723038,127.3,1,Suspect
0.5161152682701322,1.2929749133141653,-0.6489819531366579,2.6084285632762874,1.2304495816764789,-0.39850268058047605,0.3091902286289043,0.47050788718851533,0.1943789212778256,-0.9841777630112803,121.5,1,Normal
-1.022668912470124,-0.7699781150114337,0.10972250668797884,1.7404566223576245,2.5204058662279376,-1.522940268259197,0.9277049417720344,-1.0420398177501538,-0.8459137055559504,-1.1401542721513211,146.8,3,Normal
0.1868258675279338,0.926038797773985,-0.22078955035744796,0.6229324165148455,-0.48313983321321985,-0.8005180854227354,-1.1431837973218868,0.5902051740964223,0.7295175082559595,0.043199020348364224,117.1,6,Normal
-1.119270175999025,-1.6584013490493463,0.04963163437851705,2.149094459503919,1.2045192621577308,-0.9648041995028792,-0.6540968714921285,-1.0486669559155837,0.1842560831850015,1.5390027353711135,143.8,0,Normal
0.9154163709174334,-0.9669162030632518,1.4621820201168643,-0.4937748027839275,-1.3970105395420684,2.5926276452495856,0.07316747002989492,0.7345139367076177,0.4667236601818044,0.6148257827718124,142.0,2,Normal
0.11356327861182375,-0.26324162265099466,1.5137983248995226,0.4508244695147409,0.4000890135220236,1.994853895764575,0.041523861721055745,-0.6474109308976396,1.2060287390223445,0.68878541424666,139.6,1,Suspect
-0.05180074805857395,-1.1003244777405627,-0.6244366057935941,1.4590760737438406,0.35503972064189987,-1.2588198726273894,-1.4212181911255684,-0.6262082052531615,-0.3875723321778796,0.2191381690017491,138.4,2,Pathologic
0.5056601457826552,0.5471119555821907,0.7768170614602403,-1.402498784945998,3.0751333866752164,0.39277445876929246,0.7620387559944032,0.803513984595233,1.4561592982332388,-1.2387814371386423,123.0,2,Normal
-0.49063635679885026,-0.6510040253158917,0.6534074144351774,0.37618211073337826,-0.3721898313353304,-1.350977047643619,1.4394580456370716,-0.5516028645641531,-1.424717885790252,2.2406634400859256,125.2,3,Suspect
-0.4850157595423554,1.0030681375616777,-0.5492700055824219,0.4423392889092714,0.46221690277688887,0.22364317674577253,1.3636547391676435,0.9587983972717052,0.728478421214686,-0.3179570354288006,150.0,1,Normal
-0.950923546917221,0.8685871145910697,1.4120230926022301,0.4107998876502186,-0.18452337955620765,-0.49059880382555676,-0.6932647468701688,0.7419209146630547,-0.6507877190330836,0.7759434620730674,141.3,1,Normal
1.7810898735818126,-0.6751663988139155,-1.478612775982065,-1.043402352855815,-0.3714772371494709,-0.14190568095368247,0.8499278673815083,-0.11127106643150403,0.224612906641418,-2.2379321806925225,135.8,2,Normal
-0.2278561127051349,-0.3521878502404977,1.0755810819265315,0.4361125779826538,-0.13815784091055025,1.0514794614429512,-0.40317157255783886,-0.4535005117061492,0.3288158479843525,-0.08902702337159754,125.1,3,Normal
-0.31600422426661634,-0.08934081653375124,-0.11690597836356585,0.2944913792391503,-0.1886698055762942,0.37243526934874904,0.0704907806855378,1.2762255079498595,-0.3507568609900043,-0.17188028477680148,121.9,2,Normal
0.693740590361854,1.3543713376470705,-1.0713447577895516,-0.5496078859263235,-0.6332841386262074,0.8699282021209296,1.102049488101853,0.8299834777806518,-0.6412727516628162,-0.2671185715854402,119.2,1,Normal
0.011670513173878691,-0.9424562643206854,-0.18404839547491442,0.7801041688011829,0.2678671594897608,0.5025812873704147,1.3406367453147514,1.6424888291313473,-0.8495339890030371,-1.4014857646363577,123.9,2,Normal
-2.321677703757265,-2.373725609818095,1.877974283234969,1.3506251518919317,-0.8957224378468401,-0.732365200562318,-0.44200393847327424,-1.7427745002879254,0.28695782281645815,0.19832826062237655,128.1,3,Normal
2.0227610294717415,-0.423507642966129,2.510844337706707,-0.7031821187143787,-0.3994110654773254,-1.3111201672711301,-0.5192951440924094,-0.2890939318446626,0.6342951274563311,1.2198563768930366,132.5,6,Normal
-0.4796615226348342,-0.9195787775035168,-0.7786668451104166,0.4951796157456781,1.9215058778983487,-0.2994985799124487,1.4983165011728423,-0.455362172213716,1.8206048875246161,2.0998166894524406,142.9,2,Normal
-0.839712936182336,-1.5315968472920425,-0.03896447673209956,1.3808122605341044,-0.11589338475655474,-0.30136240874449644,-0.10092733645729476,0.5121820985509544,-0.255846853284627,1.6488412785543483,152.2,3,Normal
-0.16267111620945582,-0.03684978907923231,-0.185967411735156,1.399301209005945,0.8866316057445888,-0.5227310858535323,-3.0006942199664275,-0.9490856414512335,-1.5353699169794868,1.2646078260697582,145.9,2,Normal
-0.5161232041157588,-1.1733513587540096,-0.01906110690438645,-0.15488239116028774,-0.07616234351859875,-0.7045130301934863,0.4399624501153347,-0.8081421413153701,0.4724558986649076,1.708862032560425,118.2,3,Normal
-0.496943077133994,0.3378313866420454,1.6249577038730698,1.0721342281757318,0.7683670164043963,0.0665700907692017,-0.8013572555533782,0.04097067859267581,-1.7393747264387358,1.8260076410850676,123.3,3,Normal
0.11626440856369391,-1.2028012408011661,-0.3908865160008065,-0.24288566121623528,-0.17476587555227807,1.3212576401492315,-0.2842681773224102,-1.875663008252289,1.6017240669429278,-0.9236830980374906,121.3,1,Suspect
-1.8600789814735703,2.953265038722202,-0.7819285018228787,0.8176131877913194,-2.5855942143797432,-2.099972077060281,0.5931622747624884,-2.0116046329056676,0.7579940280792541,0.25162760380314053,141.9,2,Suspect
0.7347982925334315,1.0592152620245432,-0.4445729111279686,-0.7390523991657715,-0.030924685246380756,-1.24282410694039,-1.8489463774054675,-0.11515975413187998,-1.0084734862093754,-1.2764508300788686,138.8,2,Pathologic
0.9541489967768507,-0.7329870658501636,-0.1873188472464103,-1.5216980417574189,-1.0015244290825627,0.2613613758177693,0.7642472760944207,2.654115853987983,-1.5850889922742715,0.5386367206892848,126.1,1,Normal
-1.6895171854660842,-0.7712209623424577,0.7700298495901418,0.5327737217472472,-0.3001084691375859,-1.8574108401366782,-1.5151099361873688,0.11352382601118954,-0.8618592124327304,-0.24608343279411632,130.0,1,Suspect
0.455571403782625,-0.19005237544663467,0.12572192697637002,0.8796767190972475,0.6882877763729404,-1.4433517442067403,-0.7427771842006943,-0.376536982118275,0.5311170381857696,-0.15459017086522572,133.4,4,Normal
-0.8559952791826663,0.7360894680781999,0.6653566573287314,0.7062484426312314,1.8163980995221292,2.1155931983011502,0.318172131859441,0.4313863169740758,-0.769230315976706,-0.27361000383296447,136.7,3,Normal
-0.4378312054434828,-0.44783923094440325,1.0586178779378173,-0.8173061631346641,-1.4083831311204171,0.562346131515166,-1.23042973238722,0.578376888319909,0.7433801799613624,-2.4956289299070327,143.6,0,Suspect
0.35172573460806555,-1.1616384041421501,-0.28129927126743276,-2.4730441615937986,-0.23895045318996727,2.669399014387507,-1.2269663262130879,-0.12819961732063032,0.9380360979796567,-1.9088872445342686,133.3,1,Normal
0.8664133743786998,-1.4510558827409863,-0.06993383808650762,0.8735438740444995,0.01701673527443431,-1.707986033311503,0.33498482443732497,-0.6761665553103012,-0.5715992672007275,0.8558417477150605,129.2,4,Normal
0.331063411015387,-0.01875475533869352,0.49103677213320174,1.4587019339613752,0.04889029775772415,2.084892078197047,0.5293253617527774,-1.5683960831178396,0.8835815207131825,-0.6738060223316287,135.4,0,Pathologic
-1.3891971388749715,-0.7245984719153757,-0.61625577809838,-1.8947188597862343,0.05549390775060554,-1.3114922031169567,-0.17768405885870006,0.9006056176982791,1.207983576218613,1.0228976517465689,129.2,1,Normal
0.06413716716543974,0.28315697651718374,0.04434393161811129,-0.30544956996344924,0.5633082125234825,0.8952945481987945,0.6195478383689418,-0.4707085995527635,0.5657451982923115,-0.1612340866170853,135.3,0,Normal
0.4894487696017466,-2.126319249817599,1.0585524513645377,-0.9364182036705669,-0.43773326526836054,-2.1766855131880436,4.0283468866991266,0.47423394397493635,0.5452690230507311,-1.5861447263631678,129.4,3,Normal
-0.7726960566855626,0.4725173294343637,0.12216480122243782,0.2461226793046423,-0.19851337793101087,0.2905123455872255,-1.4898346925900459,1.056649233965088,-0.5623057005971446,-1.400574469818454,143.2,2,Normal
-0.845827153123826,-0.32092442431242796,1.2753602343426684,1.3367256574094226,0.39423827551518575,0.36094325487291656,-2.239380210234806,-0.3068953415500126,2.0307029116642425,-0.6716322312866367,144.0,1,Normal
-0.07143968628827155,-1.7543524559669244,-0.9110067459843154,-0.23296677132868004,-0.6988133578506132,-0.4484065107409694,1.1233838329314574,-1.4654189690533264,-0.9818191669457568,-0.927673060095869,129.3,3,Normal
0.5736315206035276,0.3621990749001963,0.338133743287539,-0.5062176601045294,-0.5911060891833266,-1.392431257815816,-1.1825742289298986,-0.22648687264557896,-0.4426571777552811,-0.08843912596182081,152.0,2,Normal
-0.5667233685499248,0.4985655107979591,0.5780334768922085,0.3909857232993189,-0.06637809835728031,-0.280629738070809,0.36954621580095853,-0.15550555176275704,0.9385543350775583,0.2521022672460671,133.3,1,Normal
0.2404312472670493,-0.8067189259238078,0.3166640289653945,-2.1240273572523383,-0.5910747545873051,0.2399258899343717,0.6071425989370585,0.4951143172232077,-0.37611858206976384,0.3401160054564339,135.5,3,Suspect
-1.260548869856111,0.6463925717650629,-0.287940961053465,0.8377733527908056,-0.9778245067787409,-1.1512381813525299,-0.03466867741718937,-0.5719067322118688,-0.300101007115327,0.22819020873719578,145.6,2,Pathologic
0.2704842371583707,-1.365967652330852,-1.458895365223768,1.0577466350160898,-1.0948477919499007,-0.2066994731788257,0.2778451550152095,-0.622950689286039,-1.361200493569624,0.8840310332065083,151.5,2,Normal
-1.8214127858172608,-2.294994417570559,1.1182975983122319,0.004682781878821109,-0.04359312062093374,-0.0635046684859184,1.7093053996644745,-0.385554992471702,-0.4692700620957308,1.0027386966172385,143.0,3,Normal
0.3098167536914542,-0.1698685799863593,-1.4108976843165633,-0.43977831722013383,1.370292213238075,0.4518453267226929,-0.6121930552867231,0.3718999809676064,2.414487980541447,-0.9295522571210925,134.5,1,Suspect
0.8813997574193386,-0.88690329226427,-1.3358717772205069,-0.28157379315272624,0.39244285835600073,-1.5924454012132705,1.2767790608683542,0.8999595060266828,-0.3597167661608761,-1.864718620818859,127.5,4,Normal
-0.16689652225070578,-1.2459286988256146,0.581260640884078,-0.27738428739008125,-0.9522099731258533,-0.5949380586291165,-1.3099465703313387,2.3333331854751593,1.2790111745361925,-0.6785178965528337,134.4,1,Suspect
0.5573855176201002,0.5706392499767293,-0.3692129214059184,-0.05749400499557496,1.5483311709459597,0.17609190188941215,0.350943906124685,1.9289002143272806,-0.49917111277977605,0.08339768688718595,137.2,1,Normal
0.24529593663727614,0.21477647904309907,0.14366325261642726,-1.5604554670458537,-0.5013290584870248,-0.39753547486612606,0.48679617585062956,-0.13362464885143205,-1.0657371845064247,-0.5254650156212483,135.4,5,Normal
-1.37712716435528,1.6402160643673038,-1.282954517092201,0.41390988346120794,1.5871030420427579,-1.098392601575337,-0.07631326429803052,-0.7188190177349402,-0.7793517614417849,0.6330077356843017,128.9,2,Normal
-1.1810746885102046,0.41699602372486055,0.29152100058798547,-0.3672492026647442,-0.07415433559256165,0.9358109519061154,0.9702090750206488,-0.6234335132412728,0.7252679804858111,-1.3321550765148713,123.6,1,Normal
-0.3620455557958959,0.552759795502604,0.8362105303963391,0.020618101539437564,0.2661256139115584,0.9687674107586579,0.04328565380223869,-1.3126460181358253,-2.182487592941074,1.5803547269450995,133.2,3,Normal
-0.14857494221647916,-0.8732505007703727,-1.5612091124411833,-0.5780133616066513,-0.36563792009508017,0.7533235469750091,0.3325025883420971,0.12428763585297563,1.70463495787104,0.7843668113210988,124.5,1,Normal
-0.7825446391819517,-2.1401845305982303,0.2521817557926335,0.3808312364191058,-0.2986698035058866,-0.3660859313295744,-0.7059607027958883,-0.990403055270777,0.47717650437480663,-0.3852232249052703,114.2,2,Suspect
-1.2202375254598987,1.9779182465479173,0.9023094435851846,1.3293688477780004,1.3822572229716719,-0.20588662313187922,-0.9982352740905455,-1.1069458820217422,-0.373829883063394,-0.7635965204920623,122.1,3,Suspect
-2.8563144440952786,0.49273440701833404,-1.3339418709703412,0.20866462374354874,-0.17953874784267984,1.2484838018497182,-1.0232223664901208,-1.0409882725085366,-0.7935126334855298,-0.15194015282305073,126.4,0,Normal
1.673575537460858,1.6038422272841386,0.14477866256183003,-1.6368048736202232,0.9428856583742741,0.8016542831561445,-0.6130220660834621,0.8884622781386377,-0.5216687788893842,1.1477700004991611,123.0,4,Suspect
1.7047102784753407,-1.1816716404336562,0.05144955234561213,0.004316778916633369,0.047260131438405385,1.2640432099841388,-1.281199554420591,-0.08257957627767117,1.1506412874277594,-0.3991476607185888,133.0,2,Normal
-0.844956542870268,1.0065012598382164,0.35674361074762817,0.2097895597909235,-0.11576624105689926,0.08383085729756665,1.8677070615229507,-1.3627172892237003,-1.5777859433104904,-0.5815544017335251,118.1,1,Normal
-1.4404442001966475,0.2888650383453649,-0.2725106775168947,-0.054692698634325854,0.6239494611675175,0.6093947281977699,-0.3080320511848619,0.881183971023511,-0.055128800943229674,-0.004945806332016752,119.2,0,Suspect
1.4549909470356412,1.0623144842973866,-1.4565720653926528,-0.7659801895198655,-0.11817812590059654,0.664123939731742,-0.00909512177704297,1.191217003559004,1.1290282701825327,-1.2553837388579188,143.2,3,Suspect
-2.1197183507227284,0.5804156040136008,-0.39724455797799096,-0.04573325129745221,-0.7878098184565286,1.4427595552308727,-1.1477402777215382,-0.4597464534988859,-2.026016444326375,1.075595362006067,139.9,1,Suspect
1.027875822379889,-0.2289477426135341,-0.5556631217155441,0.8415814472682009,-0.7585065026371041,-2.279426114396436,2.0443920371237656,-0.7835538429025009,-0.6282943575396629,0.6213945327266722,133.6,3,Normal
0.6367688056740839,0.2808675685255228,-0.06783868716797856,-0.295905640176417,0.5790331546861291,0.12281573759970574,-0.2547762527016462,-0.8723570578540438,-1.5134684853567293,0.9057200113742899,144.6,0,Normal
-0.34960582395774564,-0.35308849348861804,1.2051203347475374,1.3798852182744532,-2.2094013944885735,0.953301643521171,-0.5891599591521107,0.2652477927396956,-1.2888208239043504,1.3855099046783783,123.4,1,Normal
1.3930269837732088,0.8371366958064752,-1.4864087716495575,-0.6503034800467734,0.37617368541050555,1.1767579672666657,-0.4970611374627003,0.9115642199279419,0.21653228813387965,-0.790652346286402,137.9,3,Suspect
-0.6597536765427198,-0.7958777069002064,0.960659782444279,-1.0311125226028348,-1.4377205718735444,-0.4527007484386483,-0.2109936785813893,0.16854590817969264,0.6492159275985206,0.015487289146604901,128.6,1,Normal
0.8405021972840337,-0.7024910137013759,1.7681827849010612,-0.23176751339873264,0.17492325033974152,0.38984807631428015,-0.3038109096905523,-1.3456733255287134,-0.40988716492353466,-0.09463484663735239,145.3,3,Suspect
-0.24966351953504903,-0.1607591811058811,1.706988305626091,-2.0329295824600986,1.3385891655116264,0.7354621745143217,-1.3459524174759596,1.0641643004916994,-1.4993519853513917,1.5842919730475544,132.7,1,Suspect
-1.2166455370059421,0.6150908914586749,1.7906254005938593,-0.008587546720860728,-0.8840717711749414,1.2544774154824727,0.8602017876743727,-0.054302857927144906,-0.8657445822405165,-0.41439599802811383,121.6,2,Normal
2.042894241445151,0.053266182103484765,0.1926386145182047,-0.331950156510898,0.524007869891028,0.3557872733105405,-1.1138669493702784,-0.20097432741487592,0.39693240467661023,-1.79015717063754,144.0,1,Pathologic
-0.7084757371501661,-0.32720415359684385,0.07220814417481088,0.6870643624181241,1.124197049811954,0.257268737652421,0.8094389521738179,0.4310265086555469,-0.0356291553915584,-0.4600433319403946,126.4,1,Normal
-0.4292791142971808,1.0562908430517366,-1.8082334220400977,-1.7092811978244766,-0.5758002658733242,-0.2707382431417173,-1.3303815058040396,1.0434010804878604,-1.1802735077647508,0.8860026382032359,118.6,4,Pathologic
0.8133863582119084,0.5885445441907737,-0.21741053357432613,0.765279240024305,-0.6470803912156277,1.1213601447006694,0.1732369623194509,-1.138647678428259,-0.487921923975251,0.5329892855871228,145.6,2,Normal
1.2403055714291418,-0.4593476901746867,1.1326303312446415,0.1543907392772447,0.375041832166579,1.2436292460250027,-1.024363726960761,-1.3415476721770978,0.779837595986556,-0.0935550998192317,136.7,3,Normal
-1.318742413204454,-1.0423964045704304,-1.4210810512139673,1.5852779141615985,1.2499747541244872,1.043572071913103,-0.727791797425273,-0.04795386706228643,0.20087774847035703,-0.3801244026631249,121.7,2,Normal
1.4408478277395005,-0.1756494574760325,-0.8600375047222147,-0.16994113216763387,2.282407341763897,0.7418803196101167,0.4810451797260711,-0.036167543560516165,-1.0453919988928109,0.34097565597898805,129.3,3,Pathologic
-0.006295197266109684,-0.6235400215523087,0.10956704316638179,0.3412063525291926,-0.7404423079251753,0.24507084481193922,1.180963341881983,0.9023341920648609,0.2553627787304177,0.5661857462459936,129.0,3,Normal
-0.0878950594335546,-0.7721704853597875,-1.6541413994971736,0.6344982460962478,0.6476223033371679,-0.5874338656082945,1.8225380692306439,1.2678459522515784,-0.5619269306012763,0.2170367938127517,121.4,2,Normal
-0.16743394118783375,0.7495817271188807,1.8234209805765458,-2.033779851339568,-0.48031264505587634,-0.7403315863259262,0.3730890027548974,-0.5030369280347159,-0.6459595451059544,-0.34892883375415606,121.8,3,Normal
-0.016720462348193948,1.1272827817648579,0.5837131814075862,1.1108667997420651,-1.128990629664611,1.0298293635956655,-0.005452782575377608,0.32833754185184394,0.13203159180348864,-0.03099268067722053,129.3,0,Normal
-1.559326307459602,-0.05935721220727267,0.34322672626105905,-0.12903388483826286,-0.23384743130186333,1.1325871898572724,-0.9633174520826825,0.4594345901475289,-1.0981109774978903,-0.5468590542325518,140.2,0,Normal
0.40656929688704063,-0.005712825537899814,0.8091420780196622,-1.271032025456944,-0.2307366798948353,0.24552777254673488,-1.7893701541599552,0.5567946745089343,-0.44033537584704946,1.0339215031957127,138.7,2,Normal
0.2042155753930628,-0.739846231042054,-0.33875803673422283,-0.07535287175029742,0.0864231688924884,0.2446680696560023,0.6203338867469272,-1.6211776714793382,1.047004629859598,-0.1316560807716084,124.8,2,Normal
-0.36731408144308864,-1.063292613313151,0.2799744757755823,1.1711203813648596,0.4187156940148013,0.2132882277416377,-0.2533951988636765,0.5216889369647574,2.4696065343188462,-0.9349596368009766,138.7,4,Normal
0.2056789483329941,0.7957527509194217,-0.9769533691688645,-0.342405326746051,0.23257352669175155,1.198552469248363,0.009052750230515504,-0.8314441940604832,-1.7133221501486495,2.259420978091838,145.2,5,Suspect
-0.2051163566069726,-1.2705177262210539,-2.3165969419738253,0.10409232549972583,1.2150573579905937,0.756524551823981,-0.3981876010858382,0.571918727817427,-0.8779713077149813,-0.7283987658286933,121.7,3,Normal
-0.0740589661198333,-0.6194279003659462,-0.03245856992722912,-2.0012135956135566,1.878235203775961,-0.4306374044179711,-0.7178960633374041,-1.1567413504774413,1.1302733346945972,-0.8932216526746747,137.7,2,Normal
0.4176295551343223,-0.6514725340430303,1.5820994644726516,-0.8555657620405032,0.015456446809340175,0.5089958016488897,0.6766542913090037,0.058595501383005115,-1.2555419991126522,-1.2035271443421462,130.5,1,Normal
-0.2259220884256552,0.42405387524134197,1.6746283609659887,0.7077975520972716,-0.492231032216978,-1.5830003791726628,1.704936361468984,-0.3096370290394939,-0.12781322404488765,-0.6871207692283648,127.6,0,Pathologic
-0.7773142156308596,-0.19740897646648387,-0.18871837640970593,1.0585987687618899,-0.19941685269624163,-0.6174989771377355,-1.1998445376630584,2.129655414443486,1.7971063835492125,0.7462273732652068,130.5,3,Normal
0.7588464930260382,-0.5696037825989614,-0.2765599129370154,0.21096325452960338,-0.2304496469631595,-1.7490988768061122,-1.8740112764906554,-0.8968596591518245,-0.7279212819089776,-1.5810523470560776,138.4,3,Normal
-1.0750590435337153,1.3592517986839898,-1.555473768859836,0.583802468008436,-0.5914180238026987,-0.8567414421850533,-0.2349626346262213,-0.9719850215040318,-0.2513298060876872,0.16106149279441098,117.7,2,Normal
1.0515007993063878,1.630215007673517,1.0622385929606368,-0.40041345292432756,-1.498760553146587,-0.763883696928526,-0.7177592240378567,1.4639848416801677,-1.287641067061612,-0.5828960853850192,130.3,3,Normal
-0.3437049728789464,0.38959761277610394,0.4231215771917498,0.02041802519365181,-1.3476747746730502,-2.083015948668916,1.1836774569205621,0.8474491123177004,0.6862872559543076,-0.8115054786535156,126.7,1,Normal
0.8757539481876409,0.14368050407781657,-0.18909965872396853,-1.060636228469669,0.6837548846795409,1.172386735099727,0.5060689735339634,0.23753570633583,-1.788894723532767,-1.7389224888369257,130.5,2,Normal
1.4378417945157904,-0.5033809711129991,-1.9723821247683302,-0.4907311363042872,0.7498605105028148,-0.5087494705952215,1.8956140038083693,-0.5197487183572573,-0.6912955649080248,-0.0442764745960109,128.5,3,Normal
-0.059331038781615525,-0.01840330215134313,-1.8027277522361977,-0.02832668008003068,0.3253537682411593,-0.3230138693468437,1.0778121396947689,-1.192774594308465,-1.2976051486763271,-1.7136672050281208,122.8,0,Normal
0.8720965738078089,-1.204916310203161,0.1294542623463155,-1.563421023237416,-0.24203851554756978,-0.8609909054528458,0.1047975463056186,-0.47396126197775507,-0.32127930872302163,-0.28063728216025474,149.2,1,Normal
0.6303354347065121,0.9887374063816577,-1.542552132954373,2.394322129309603,-0.5051087311453952,0.5655371886391402,0.1475692227902995,-0.5796175927898274,1.8555974264554413,0.34139146405148196,104.1,1,Normal
0.18280257361737692,-0.1316532275542107,0.5381616692181985,-0.7044896643698936,-1.3723967434383195,1.38077697167835,0.3912877726375077,-0.7453251815169779,0.3860491091567622,-2.2589724863176737,136.0,1,Suspect
0.6027118024045272,-0.6875611010229239,0.5869155602458349,0.21025505741696315,-0.6514576487599877,0.5226897782864548,-0.9101324350851817,-0.5567822481561634,0.2386828994181653,0.6938710352024897,136.1,1,Pathologic
-0.27987144979128487,-0.33153244524513487,-1.314648500365942,-1.2504495298539111,-0.7320108777577633,0.3480107249577153,0.43521169838326657,-0.603371543242231,0.2956235941335444,-1.9773142044529597,131.1,4,Normal
1.6418931216525754,0.7063053863472414,0.04834400686579411,-3.0234522742705257,-1.414326726365638,-1.9744462009972519,1.3706048580229981,0.9203379348913306,-0.023023558930574613,1.8159215484232125,133.1,2,Pathologic
0.08427909029630383,-0.2564924588803626,-0.9389427512656509,1.712422724183828,0.21769283682182355,-0.10137420744579921,-0.6318204478265675,-1.435956505384108,1.28390136669057,-0.19421228143991692,136.7,2,Normal
-0.7303470017482577,-0.7873619971996209,0.9413635769805018,0.05633074066031494,-0.7388763859298211,0.6472414904739674,-0.24184023640800606,0.351127854768705,0.7737685598481495,-0.8629858184272874,125.1,4,Normal
-0.4339966970906023,-2.0893772089703537,3.2907723824183654,-2.1740311162087993,0.04048432362553896,1.1991828629428845,0.6567151746327411,0.22645306695338197,-1.301181758063178,0.20488363412345273,126.7,1,Normal
0.8875066726344722,-0.07793267922785338,-0.11892201591258107,-1.0261947919411938,-1.4792546358364673,0.6065295889188436,1.498876748407546,-0.1071900874334044,0.9748302714201122,-0.9011201892251313,127.2,1,Normal
-0.9203983085002102,0.37557479420964573,1.4777429953124794,2.0685133648295677,0.5875754135345641,2.087862593889266,-0.7422597226387451,0.6260383330352334,0.23526706732912417,-2.4292097141313187,135.1,0,Normal
1.8919951421686265,-0.490397067348808,1.0278303243727553,0.4822936050349275,0.42927271078872997,-0.7283980786421513,0.244534409301374,0.38840353334493605,0.45490942148687763,1.1383969647265824,135.5,5,Normal
1.3056108050631126,-0.7940423510954524,-0.07757383453871816,-2.5804014960797743,-0.5133951786427212,-0.7283672496168536,-0.031314078698513624,0.060209368085641896,-2.009108501718771,-0.34731045246588244,119.8,2,Normal
-1.2311675703396199,-1.12532226130553,0.5320608593300515,-0.512038514682222,1.3733914112040404,0.3833490891874098,-0.27406705344632115,1.0629745086476792,0.000756222853307493,0.07570772123281214,129.8,1,Normal
0.7733297489424966,-0.3761295524798367,-1.2655946352089245,-0.18291970847472921,-0.08090724203089089,1.277706730465344,-1.8590094163952091,-2.496124658397771,-0.13894076698098234,-0.16530108127449242,124.3,2,Suspect
-0.9677724786503429,-1.1142293759940245,0.13773062383516596,0.5252292528522322,0.1357438334421156,1.4388521302111854,-0.7441882047978183,2.1510726624336884,-0.6929880969646218,-0.830490308136398,121.0,2,Normal
-0.8335442601740822,-1.120744766065191,-0.3000089902280329,-0.009078970902388314,-1.5619808401908073,-2.0353657654048978,-1.2275416806952388,1.1338252554835244,1.073137732666709,-1.1169814951447834,125.7,1,Normal
-0.4689403124668779,-0.47904297935985285,1.3595402016795137,-1.7344150480775677,-0.782690053619854,0.1104350200787393,-0.13446073509654177,1.6869442829582857,-1.6357252440424572,0.7294787320663267,119.2,1,Normal
-0.7423410628908336,1.8837216563378087,-0.626521227720446,-0.633804808805022,-0.6508892850445412,0.9524947916159495,-0.4530411240196526,-0.9110839867369135,3.027008906772521,0.51234976823991,112.4,1,Suspect
0.725444095513004,2.3351297429712687,-1.0542484746616734,-0.9071925350092892,0.7820140507100904,0.9246244285844677,-1.1892214079005272,0.03829609642190711,-1.1177091344464696,-0.043330857350193,131.3,3,Normal
0.25360174189657486,1.1776420721567078,-1.0157409559603954,0.7485270086104505,0.9636767063927038,0.5648589244996876,-0.26634265575852356,0.28008001209757827,0.4701459130063728,1.0217188811336273,139.8,2,Normal
0.4226511076230376,0.6443016241136151,0.8556662297484438,-0.5429954200120685,-0.5701893147685235,-0.08522465063869783,1.8656436584534943,-0.40136132178346007,0.21435065978650128,-0.07440035193720844,127.3,1,Normal
0.0030096889001754185,-1.9377787931875041,-0.18394813563871343,-0.5549317363020863,0.17033125043345237,-3.035282984740514,-0.6629365803735947,0.15055783785984764,1.168290473489205,1.117656179772417,139.7,4,Normal
-0.527872683134751,2.6762200727333156,-1.6839050127553965,-0.260790518167081,0.8567633877597884,2.0562580783685855,-0.38770613356014877,0.23470247084032236,1.671203335356177,1.4759445269948912,138.1,0,Normal
-0.5206413737136445,0.3920462628633655,1.014589228907684,-0.8620597333576736,-0.3399672686424244,0.6120718987347328,-0.22612980861236404,-1.2267861186817055,-0.435157541856808,1.0825500954251244,121.7,4,Normal
1.1056387120298414,-1.0994302844835033,-1.5105222144107244,1.508588226115513,-1.462166329156271,-0.8817677086188391,-0.7283628043016328,0.7151667130556837,0.17582990712588267,0.4104670111274961,122.2,5,Suspect
-0.3488283696708061,2.686326084741162,-0.5484766117075032,1.1225357575947292,0.7108871809765501,-0.3238684810281466,-1.5776381268748423,0.6326740763119393,-0.42715683595986315,-1.0096848464103136,116.1,3,Normal
1.395669594538675,-0.09847236361368802,-0.21070645474922498,1.1693051642019283,0.42487078389666616,0.2606310796135714,1.8092836107185915,-0.7027291909450011,-0.9668739673221026,0.4434557216766115,132.8,1,Normal
-0.6354639755689749,0.8342570597143529,-1.095779714143271,-1.2334626784048568,0.2910732447740337,0.4751906870269112,-1.8309152633900323,-1.3241895201949443,0.034115512105864325,-0.4740239218217688,135.5,1,Suspect
0.04598494090432285,-0.314504581054435,-1.6968362432642716,0.35211040640543007,0.959612640951332,-1.3897804700317027,-1.714218268485166,0.10431804166923864,-0.02714781770363756,0.7201654603620595,130.3,1,Normal
0.3093889542800575,0.5676188060634877,0.8134084343957996,0.788223777029965,1.041873196726423,-0.9909328011540963,0.7488874426760178,-0.8442702343699664,0.011142919202448505,1.6152976765118034,122.6,1,Normal
1.1819394813371404,0.6862857771502927,0.6518488325448905,-1.0261723713063953,0.6211541566725163,0.5002656148480783,-2.0492760832375816,0.2688573932075138,-0.3783029371828213,-0.09015839455597956,129.6,3,Normal
0.9693634432024785,0.8600797220146855,0.053817649403301616,-1.173381541328518,-1.1709633280802265,-0.5770464841249507,0.7710125601898983,-0.7933795172528436,0.3402880499503779,-1.1197210771625847,137.3,6,Normal
0.3073938776833654,1.2834231028093632,0.3653312969290487,-0.9920445070099639,-1.5127677802726192,-1.778613341529643,0.8611796269467829,1.497557930420145,0.781803185876793,0.7013909164858655,136.2,1,Normal
0.0746772317044903,0.15526081995740076,-1.7011044002636235,-1.4617908689059147,0.3505158754382299,-0.7914201737384294,-0.8015555538087684,-0.6874553692077184,-1.2059490546134064,-0.008329857491451573,135.5,1,Suspect
-0.9087111590994834,0.2098341351726416,0.5219481197706486,1.0474489751978056,0.06531203835032408,-0.012307416664488372,0.04154224929598054,-0.8939008297754961,0.6168927751687907,1.5363526928072213,133.5,1,Normal
-0.19244090579239478,-0.04788061308820121,0.41360969429652594,0.9543021658261782,0.1403402723174103,-1.6389920184511793,-0.050490704881757664,0.023981199761788318,1.5614995276089594,0.054120859994798744,141.8,3,Normal
2.2627212305094075,-1.04406578845683,0.4423419096326296,-0.3237543503570525,1.6909078760532124,1.6349372545914684,-0.8051873398940257,-1.5986304390922805,-1.2757156441276494,-0.07029449646831434,120.5,2,Normal
-0.9584898964308708,-0.9046830370792052,0.4388038141813296,-0.06382338942973731,0.9175900743912415,1.1881411623203655,-0.6152254194104996,-0.8658176923762251,0.15473020233746804,0.09589219418245343,124.2,1,Normal
-0.5625441866414506,-0.30816723601437573,0.9942363006356153,-0.6812514690162962,-0.18422702373535746,0.9164600676163133,-0.15694320243687238,-1.656101524040367,0.4544498170533881,0.30803670515985343,120.9,1,Normal
-1.3821280798148599,1.2622311207684935,-0.1160004751664905,2.3142623454934776,-0.7361589632812156,0.09084365504490657,-0.46700396053505816,0.21227418893308425,0.7833409136118203,-1.9816586657835238,126.2,3,Normal
-0.7472717314266469,0.47075036867830705,0.06295909190129065,-0.43563468195894145,0.6449154336063068,-1.235730629725183,0.5756628828657724,0.9276800904702825,0.8965118265152605,-0.8116101592006608,144.9,3,Normal
-1.1831410634619837,-0.09317898730698555,-1.334855721456641,-0.5290208414089924,0.46243788521548784,-0.8392322931447896,-0.15033952641254278,-0.4296848932507385,1.2043836178872243,1.1070220963501272,122.7,1,Normal
-1.2258295175442095,-0.26368775124625893,0.6856826572199133,-0.12804996059049817,-0.2151809045674504,1.3231109745657603,0.4513159383496563,1.2543249896552149,0.13594455317292312,-0.6520644289510595,122.8,4,Normal
0.3228351392350368,-1.1669859123437545,-0.6686676915784061,-1.3148278519683179,-2.7358636447265523,-0.7936329134536163,-0.3877892028737383,-0.850199417758672,-0.9973131701021023,-0.02909959912668373,113.2,2,Normal
0.7304427122473042,-0.898822676901946,-0.596711624134186,0.26756728378952227,-0.9584590333476739,-0.03260377809889901,0.6401259537343669,-0.466388455643732,-0.3579686600052167,-0.2291375187070612,136.6,0,Normal
0.3526706657387506,0.15482507913133736,-0.40897716682342594,1.4260200060443853,0.8473388251208273,-0.2895684515721704,0.8838826988225256,0.8948412705146791,1.4433527465954106,-0.6868400747635964,129.8,1,Normal
-1.0216795468254984,0.0082807430360978,-1.0722883703090298,-0.17416069220597455,-1.2922411398387257,-0.15663790230743885,-1.9798315746390958,0.7161036457956158,-0.8796726005597788,-0.1610762827199293,144.1,2,Normal
-1.6840534581092208,0.7782799179294181,-0.10652240500829019,0.8011581096110462,0.5790916636109009,-0.1258659708919763,0.37814281492158,0.45636522713885236,0.5188738178623494,-1.0217105444351298,144.1,1,Suspect
-2.044962084027355,-0.21647920859525585,0.8241972043268971,-1.9603942737436244,0.4436773629664038,-0.23869432342606467,-0.6946223404537134,1.109944540570271,0.8451489735962663,-1.4809454106984623,119.0,0,Normal
-1.2189678247958444,0.5674399578651849,-1.1118095778040502,-0.9527323079567075,-0.9910430988524872,-0.4514859463748052,-0.4387898063344584,-0.05146576737550991,0.6121054775002376,0.20605771340371196,129.4,2,Normal
-1.0259771630756047,-1.5312764531491065,-0.01658221621015808,0.09680883747714865,0.8998962612651343,-0.3192539846012206,0.31299765484003816,0.30296543820257543,0.9294179075561599,1.6117600260148357,142.8,0,Normal
-0.4588462396448353,-0.9494611181040666,0.6664077446431259,-1.8480388624950235,-0.07951001740425839,-0.20870162299549047,0.12245058315658647,-0.6811719265663665,-0.03174048755501478,0.7471434003995144,122.7,0,Normal
0.26225988570504466,0.2635895002633436,-2.48014814112266,0.32822127254435646,-0.14844958191147298,-0.9444045946569349,-0.23362025553257054,1.9260395473744596,-0.10141712093371981,0.7680300047553719,139.9,2,Normal
-0.38677309657331127,0.016340364176499176,1.854317871559523,-0.3080696481521006,-1.149581430599069,-1.4007755816024576,0.6612584557606282,-0.45011185128047465,1.8159407481920566,1.0543400116774468,105.2,2,Normal
1.5844441452816036,0.737693293551367,-0.46198729239622777,0.2962649292235637,1.2976035636241119,-0.37030150097384323,0.1792627809630605,-0.21297390002617603,1.972447082299037,0.20554738053125582,129.5,3,Suspect
2.306730504686817,1.175630074704408,-0.934972632941978,-0.23255875952460614,-1.1921452587342962,-0.8753069953284218,-0.758343934234813,0.20959514003982496,1.4464193490669748,0.02363761004956475,123.8,0,Suspect
-0.1064278292276592,1.2213159235059778,0.08154423812382053,-0.16419469634053196,-1.2035207049447199,-0.06600115409518903,1.0986905504856275,0.6671570892211207,0.5492083845848109,-0.8592296848967138,140.7,4,Normal
-1.914081377923686,1.585986973268214,-0.6749208950013266,-2.605199274479453,0.14151523453178574,-1.0669236435387177,1.0645043512223442,0.6568769675106125,-0.5760093706149201,0.7881850683556713,126.3,1,Suspect
-0.5368693570167838,1.8208595705662727,-0.07065445779791557,-1.091888461370988,-0.9803446386953942,-1.8924329414656673,0.013309186549711487,-2.7091653293728144,0.13659685037614,0.27709514185782375,138.3,1,Normal
-0.2667802567491189,-0.3562281570238097,-0.7490308058998092,0.5075076265568189,2.067985739198987,1.4546115793965302,-0.5584058686725784,1.7670196758966739,-0.12928693424225957,-0.6882105942784656,135.3,1,Normal
0.6859753283356632,2.2995992783609123,1.1268799295388108,-1.416109607417082,-0.9880291435376228,-0.6325692994543957,-0.7714030021291564,1.6098369001485555,1.100757984239053,-0.31493771837415024,122.5,4,Normal
-1.3361043390557175,2.889333465743574,2.6838269598341378,-0.9813601747830795,0.793176398732921,-2.2237602259606932,1.672899756034078,1.252378055590165,0.39040572784891686,-1.1265156053058742,139.0,3,Normal
-1.6230778710510276,-1.302407055555272,0.7229762639729678,-0.4369195836350612,1.6429465102086522,0.7432856431841165,-0.1842721741406016,0.1465329980677419,0.5837724145888697,0.5252562036385956,135.5,0,Normal
0.26204091404747504,-0.5887347764229078,0.19956843237304212,-0.3448061928218635,0.715672317771475,-0.49201454412001616,0.14558988282620133,1.2476992819124757,-0.033296952501649955,1.5448060851533651,115.0,1,Pathologic
-0.546827869926721,0.36018631760754644,-0.5520675379668505,0.7161155235141448,-0.7552403106610761,-0.06806649046510534,0.4222352396277893,0.2620732544709278,-2.4945390497504403,-1.1295875170809604,135.3,1,Suspect
-0.5626152120624537,0.23205171180268028,1.0612450092182513,0.22953148063003553,0.3433754345166356,0.11718575844595473,-2.762398797900442,0.24960079986086836,1.312383237839396,1.0450246676067128,125.4,2,Normal
-0.8797094703677057,-1.6865327601908044,-0.7682161050332589,-0.6612616431170888,1.3552887824860584,0.9201745385336083,-0.9158919316098683,0.6981836496177597,-0.06443834816028256,1.2091272614684572,134.7,3,Normal
-0.40378369560379107,-0.9496559075051264,0.3185884409416523,-1.7141994880364004,-1.4991331193854722,0.21420166935430895,2.2015785977386897,0.5434176554028677,0.9681172066433819,-1.1629307861732792,132.6,2,Normal
0.19908724323504132,0.2167651909597779,-0.5200842372350196,3.057078032816817,1.0975871925433134,-1.4919287226095637,-2.796857720018001,1.0240126747298703,-0.3382063141668492,-2.0674635248354525,140.2,2,Normal
-2.4031313964848686,-0.21767530196613105,-1.2564571667314226,0.03779575132769585,0.49109655052203144,-1.2875674021625276,-1.4964033631112539,-2.1517182716278636,1.6222098504153928,0.06290424610605366,139.6,3,Normal
0.016361530216921875,0.6209577702628354,-0.2130375239899156,0.9137005685227358,1.8900067113036898,-1.5279046663738094,-0.4495435954476257,-0.08876158459459367,-0.5348726460742285,-0.1737180754902372,122.3,5,Normal
0.6875994554358379,1.955750381085258,-0.9853025925005019,-2.3836960752488014,0.42836797178184033,-0.5886732562820001,-0.9921662085972891,-1.2209363744657897,-0.07105891492693354,-0.22023134488793505,124.9,2,Suspect
0.44715716546336265,-1.244559072984173,1.4755962744472224,-0.3715533651284655,0.1521869128090011,0.29821528328256347,-0.7509026686360495,0.9309504255339697,0.0159600443447002,1.1266588571899756,127.6,0,Suspect
2.1072270291993362,2.3141906053926,-0.754119956310325,-0.4095290277473836,0.6837866273913504,-0.9034834469862715,-1.1551253491625912,-0.9122485257863624,-1.5083213617900313,-0.3519814910471876,140.8,2,Normal
-0.4375028128239384,1.8811751257017353,-0.1301907014222134,-0.4644536376427971,-1.2399469031200914,-0.7692640691760617,-0.17193237682489357,-0.28293657613917805,0.4104409908798566,2.419327158823406,126.1,1,Suspect
-0.09291412365262054,-1.7258422071400974,-0.6495083447823474,0.7782552121650625,-0.8156494453547749,-0.8107800974452866,0.35715277685488006,0.9362565861013568,0.8274167331807409,-1.5357978951431126,133.3,2,Normal
1.2735532343985412,-1.1937906171698107,-1.2353274124384457,-0.26488101552593885,0.06935246846785943,-0.6750738711678451,0.40060643564810305,1.308293881340669,0.4197218317358755,-0.8673686251826834,139.1,1,Normal
0.054037874926959335,-0.4038465596479686,0.6844287775527983,-0.4294705895578418,-0.5236884100506282,0.5902407827565341,-0.8218900756688506,0.8829016202098302,2.3174532223197626,-0.8725534320386145,130.5,2,Normal
1.5054842969643942,-0.9534206489133408,-0.094600697787835,-0.013400411102885134,-0.6115270789602436,-0.3747329855225073,0.9725632939796744,0.7530324819499467,-0.8910817044723868,-0.1873048211099698,147.4,2,Normal
0.8168494953245219,0.5819872329825627,2.3432367622062236,0.025294206308507535,2.037910031192692,1.0238051238629604,0.14300779934313318,-1.1872839296087851,-1.7246614304784547,1.4203945248683134,124.6,0,Normal
0.1438480141204992,0.6349847753748339,1.0474537455054538,-1.2106534342288915,1.7939693254323013,-0.6133293009429147,1.0711145267163733,-1.0171365844963756,-1.191228633512734,-1.116835257594723,135.4,3,Suspect
-0.011474512459492046,0.14152561669083974,0.07004828255058053,0.9900160953437696,-2.5414756806724026,-0.04986432381518114,0.2882458279058693,-1.3403907125280337,0.08411477669788815,-0.9035176879726032,134.0,2,Pathologic
-0.2347175875039243,0.37400535469506196,0.36698410882348237,-0.578249405935718,0.04008754432546487,-0.27149588936260377,-0.2615691020167895,-1.0559927155287747,1.1988900500953437,-0.6347021033448316,131.3,0,Normal
-0.034714155346611084,-0.13386991667383946,-0.09004967091230899,-0.10319890755879384,-1.1917592950168456,0.21184996971901135,-0.2368731052897912,0.15818724498711698,0.1745298261024367,-0.08978198944301834,108.7,3,Normal
-0.845523162498273,0.3966443838608069,-1.0272992631183648,1.4968264163370062,1.1506217157778933,0.4603751896264122,0.3522733817414001,1.0055287247895033,-0.4932466470619989,0.16159921132449206,127.3,3,Normal
0.6774022808888129,1.9128191305044124,-1.4369661816225536,2.906038860098795,0.22256021803528372,-0.04498994202948539,1.2624273890564692,1.0019401384385445,1.4971144584976779,-0.390211720498943,112.6,1,Normal
1.9143035486197546,-2.386856799578569,-1.0555146841847423,0.468110898718736,1.465124566967182,2.624614928906243,0.1251287257477692,-1.8515567244646767,-0.11569952458961087,-1.2888553706151087,125.1,0,Suspect
-1.811829169855396,0.017907054175920978,1.3373999228956346,-1.7415963712396414,-0.861386439572004,1.4597154882880528,0.20899504849907385,-0.03634127746302385,-1.3737665530849161,-0.09726372284042714,129.3,3,Suspect
1.1788481000612163,0.4647640611109869,0.25710438014545783,-0.28672441972592927,-0.9500721028644712,-0.604437406471109,0.5651234599330849,-0.27402303205172746,0.9987317185486129,1.4335431284297917,153.0,0,Normal
0.24200830197467865,-0.09875143463823657,0.5371793119644108,1.7155911460817987,-0.21899119708607973,1.288099116904428,-1.7750305323166007,-2.3172390622056134,0.6450978986376945,0.9154529011817641,137.6,4,Normal
1.0444257691447187,0.3128545581002751,0.7871485299088214,-0.23049261983292169,-0.5972033485518481,1.1797122181296684,-1.430374949165462,0.8298766918978685,0.2375934849237997,-0.45691338504593315,119.7,1,Suspect
-0.5870334904175664,1.198754663359685,-0.20009283296883468,0.8329288916197907,-0.09239772933883626,-1.3446111063897217,0.2178215136428643,0.8019891614772189,1.6215571123720576,0.07145520392428178,132.0,1,Pathologic
-0.1813637103889655,-0.5162265827362706,-0.6055810286493225,0.8185200994120685,1.1869636763212439,-2.1444374571439275,-0.9562246619877727,-0.6076913773821202,-0.1043339027042112,0.4993033244644526,134.2,3,Normal
1.2655317382900246,2.2089652081791145,2.0197141105031218,-0.7038479098368825,0.4673505364060529,0.18708125537564457,-0.26412704728679953,-0.3095272791547752,0.27989452145559174,0.8849778372881432,131.0,3,Suspect
-0.049293098116015385,-1.4848353307063216,0.5308283913234222,1.8927148272128047,-0.29648617112317976,-0.16044282595358278,-0.013370709973465575,0.14549136782089825,-0.97570953615112,1.5345366846614368,130.2,0,Normal
0.824995454099243,0.620523943435697,-1.6643560827980795,0.42897964943859157,0.053919927813064046,-2.506139331279412,2.4126898941363684,0.4137917832486059,-0.7038392425352099,0.26860162712448205,124.5,1,Normal
-0.5884448647302929,-0.013550511261826893,-1.7551828636927165,-0.026534131966868654,-1.5825351758308381,0.10135329165581561,-0.17672515969726643,-0.6487046866079532,-0.47386245297361185,-1.1725634899798731,133.6,3,Normal
-0.19832056323833333,0.2598991648031096,0.750017082181491,-0.16365374747408853,-1.9529168351617165,0.020433490841829795,-2.114273056488501,-0.8590573745153226,0.6930824920953634,-1.5305136737761629,132.6,1,Normal
0.5093212940797465,0.7614009567943252,-0.8834408893338376,-1.172070680159373,1.211089861049235,-0.6348759050026564,0.20391361118293805,-1.0858626704308663,-0.6761083795856766,0.6028634274868843,136.8,2,Normal
0.40466771782908,-0.6181524493264308,-0.13022443746240014,-0.7894638123865383,-0.7613511251529866,1.5520680253993027,1.017492699677415,1.488925731242533,-0.09656467350106823,-1.4474649113498288,138.4,5,Normal
0.8268839753975258,1.1023286901099913,-2.1878228300909877,-1.0229390595077335,1.4338745823020225,-0.24972282688880468,0.5323814888028946,1.2195705213091244,-0.22291235577829285,0.8157425678202648,138.1,2,Normal
-0.34096204380958667,1.9750409906829758,-0.4631554809889057,2.2739836575351005,-0.3064849868266118,-0.420617986813813,0.4647074489605135,-1.0923880265124442,-0.05266894024708171,-0.5963250193103714,131.1,3,Normal
-2.0526392835793103e-05,-0.28996756124621853,0.9122316432910766,1.037010590256979,0.13429768939265924,-0.025578523096792233,-0.7367978002697531,-0.8957989856054868,-0.7643267197011886,-1.2152046469981475,128.4,3,Normal
0.9691586383231483,-0.5177304254346374,-0.5352794991696975,-1.0095068989114537,0.8305774367711571,-1.3887170415241639,-0.42043251178773483,-1.0606029319537242,-0.20703579489055474,0.5132580573501377,137.4,2,Normal
1.4426208209713829,1.265355252758291,-1.1701981828555206,1.8432965342580112,0.9475823857010046,-0.9418980618373921,-0.8490841218109939,-1.4849979270556461,-1.1525669903916385,-1.0229702754590393,121.8,0,Normal
-0.8390048384082198,0.9824051292933056,-0.24430897626871942,1.3649828510498285,-0.5142727776910748,-2.8439007059584847,-0.7349906776545136,1.951054653641464,-0.03968787225970799,0.4721185634513408,105.3,0,Normal
1.1880272488060977,-1.5656301857773383,0.034784110376915214,-0.6426803730038448,0.07108866948442834,0.360329469369178,-0.20839473691873345,-0.7343478299332412,-0.028189799954515333,0.18263221922103887,112.6,4,Normal
-0.7686861756268357,0.5526207821538208,-0.3523585297614037,0.5311171828068174,-0.01819179653330919,0.8901941283597833,0.9200856468171171,0.759559004602913,0.07257813003801716,-1.9014352076667582,111.3,2,Normal
0.20778550702204857,0.7754028807603313,-1.5783581842153178,-0.6816437242151047,0.37836262416606115,0.2561895367816427,2.8808505077595252,-0.3386086814565027,0.559433553616703,1.4161360139662222,135.6,2,Suspect
0.28218725209106477,-0.05477782527484447,0.3933662764181096,1.0251153329207787,0.19316649172292188,0.17841645263694936,0.14656809821993708,-0.2195105366162979,1.8091968056918988,1.293682540826459,131.3,0,Normal
-0.4873012238673418,1.500548113525672,-0.5738408776055763,0.4922069865696173,-0.7301259348183001,-0.11691527575377922,0.5404874937246574,-0.28895106509677776,-1.658754562098194,0.951572391930439,137.9,1,Normal
-0.17755246685852238,-1.6041331015396632,0.1743272548969803,-0.4235256507588976,0.14947228507670554,1.4734823394707073,-2.412209749056192,0.3674982628863065,-0.3709527137910775,0.9728774187355737,135.2,0,Normal
-1.7691879097901477,-2.1502353150396387,-0.9763933103314612,-1.2376077742865244,-1.4633220849195925,-0.18500179510307804,-0.4396830878117848,-0.18484848594377554,-0.9130852828001969,-0.7287036324757864,140.4,2,Normal
0.7247689518594439,1.0649049083830306,1.245890384127191,-0.06477676788237467,0.0030595177370515048,0.8565426481784774,1.531707867458548,0.74541758647244,0.3116749346878586,1.1591545947014599,141.3,5,Normal
-0.2775912630529983,-0.8129704327320604,0.7125220225382277,0.49150459326898766,0.11840371939174764,0.7544923383877997,0.09360285407076875,1.1554873319697005,0.7079420128253684,0.757993704029023,139.5,2,Normal
-0.041865982969756375,-0.03465650158279942,-0.35967120749298076,1.3003454998898545,-0.9805295848219141,-1.418157588724097,-0.1049185717827675,-0.6203245649509662,-1.2132848024821286,-2.0921205623626267,139.7,2,Pathologic
-0.5723573366977965,-1.1329958742135804,0.30422540740565757,0.6290543831997089,-0.2819555197122268,0.6135462987840896,2.900896599523806,0.20419936984368536,0.3181532740139793,-0.965440519641181,146.4,0,Normal
0.7280496468923555,0.8523082180954601,1.6357382034230503,0.9263684975280699,-0.5134479033026675,-1.1579189127282041,1.1897637595701192,-1.6336576703448822,0.8653872781605735,-0.7579811788152101,150.8,0,Normal
0.18529316315151276,0.3407941454675703,1.1750667826502723,-0.7517184112472393,-0.4944976253804399,-0.6045678143170841,0.7716185485832365,-0.5220598291004147,0.4249973084749794,1.477784015149758,130.7,3,Pathologic
-1.1491622120052176,-0.1326214060845872,1.5092491254565343,-1.978133177194981,0.7576403873534518,-0.22360412367971474,-0.06364734550808296,0.018233374107247496,-0.3376687706867935,-0.965813948833352,145.4,2,Suspect
-0.11244720206183242,-1.2346610989472884,0.6050962452008223,-1.6922307664752223,0.4623500105459897,1.2096081957861662,0.2719988164127102,-0.19902053248394208,0.6759754853671724,-0.5866291177650639,124.2,0,Normal
-1.0350539750501369,-0.1602404108854256,-0.541978937201526,-0.29159980534502855,0.9613080779100409,-0.7587504697087174,2.137914572139468,-0.1088836727932055,-0.25502376690695533,-1.2840012185139795,124.7,2,Normal
0.020352629738573123,0.3336943427331908,0.5883963066835795,-0.7730263905978897,2.07827928566684,0.28863303346049396,2.2323432058379944,0.5166341122452341,0.905500226212593,-0.477520225102435,146.6,3,Normal
0.6827696977056219,-0.5317961547195773,1.6992252571981543,-0.12309113068629547,1.0973682686510373,-1.6030238073969527,-0.5373957944116047,0.7253784727983814,0.35259420821684084,1.0343939261671615,131.0,1,Normal
0.1926722131938208,-0.4976320599225637,0.6056495519536897,0.7338485239944782,-1.5361629823312055,-0.2293623634894777,-1.6238767647416363,-2.1259791990180226,-0.18831129657079387,-1.4233655572998392,113.3,4,Pathologic
0.43435430623110816,0.01037983148067335,-0.8270716867149015,0.6275674516306456,-0.6555395332968368,-0.520292133666402,0.049405171423405975,0.18299549719768152,-1.2579194451984475,0.47184505691940276,118.0,3,Suspect
1.057108695012446,0.673786511530626,0.06624363530859909,-2.3452816247889183,1.3420822432426605,1.2194477778735024,0.7636934367057636,-0.31478612691637803,0.01716785164046492,-0.8769480150216861,122.3,1,Normal
-0.8186639229190013,0.4239428783834514,0.760408536748708,2.5798547034866903,-0.3948962567525407,-0.7914421563020945,1.806240216864218,-0.4817771798670246,-1.0716364875276823,1.8835580294344356,118.3,3,Normal
-0.43863744783165426,1.1760778343285632,0.1719711927445159,0.39133433819693453,-0.4613569692700051,-1.6048542638276306,-0.105005162526507,1.3959613793738137,-1.0870347189610297,0.11490671262382768,135.4,1,Pathologic
-1.799818697387597,-0.08971611709608292,0.7633162012860001,0.2894346211319305,0.33412954629890673,-0.47282824707513205,-0.34867864711808344,-1.7567549811950314,-0.34803198645736133,-0.08406764165968193,121.4,3,Normal
-0.37949131539656406,1.0129134616737605,-0.6194222479414473,-0.14841315639031996,-0.2846684394813959,-0.6565211263635012,1.112015809057784,-0.05317815970499932,-0.07606401602181084,-0.5809080686806215,127.2,1,Normal
-0.6133051886295942,-1.1658809886520916,-0.21495374426092625,-0.27983346738994336,1.709383062557031,0.20412465415659642,-0.9229584238674764,1.4390090852924293,-1.194409875551982,0.2149511095810707,123.9,0,Suspect
0.6540111619480313,0.39824008855050186,0.34120290673642417,1.1002721814418874,-0.16135404485090826,1.2821403787509835,-0.23745766131210816,0.07198132611828066,-0.16524255563267773,-1.4709192584222037,116.3,2,Normal
0.4613479207757972,0.3450215462234947,0.388580227140687,-0.9735629772160329,2.411812499082817,-0.37354501998815115,0.005493571675231274,-0.9498826191996017,-0.23773067356104033,0.09736912000471974,116.8,3,Suspect
1.5008702698874887,2.3575749276235247,-0.6328863567250609,0.3067108974027764,-0.5600318618721228,0.32887941732666875,-0.07166169478207036,-0.21638419329037814,-0.5998298229120297,-0.586782453956802,139.1,4,Normal
-0.501415986982527,-0.6701538921392571,-2.4496821088590464,1.5160042577393935,-0.6571430381998592,-0.13539676609084947,1.2792157573315528,1.7711223675788255,-0.25668610679148374,-0.6301123743978732,133.3,2,Normal
0.39660320310190567,-1.20102748413495,-2.881085645737538,0.18989346040066468,-0.835256945978796,0.4649528423965896,0.5355193418739965,1.1719293420195878,0.644630485442087,2.0597306153770307,98.0,4,Normal
0.7403189122146705,-0.7702737930330898,-0.04677718832840676,0.5132442719426128,-0.7869830344326089,-1.0123711123549706,-0.5403458900949103,-0.5180121207318795,-0.3876701590305516,1.403930616626479,123.7,3,Pathologic
2.291308033881745,-0.6321218360029377,0.18305058234310972,-1.404673458536991,0.7234568575795569,-0.0576867470134043,-0.2352843476299891,1.534879316981424,0.5814538129882838,1.4602517634966279,138.9,2,Normal
0.43556267191233794,0.40990792310309154,-0.20704047682627807,0.8265639811824886,-1.343929342293746,0.9101528843020329,2.797778754385849,0.6372550674297773,-0.07971408841767154,0.8502629946764404,135.6,3,Normal
-0.04805009210719834,-1.2605481442781474,0.03514623356518659,0.3693578234058506,-1.004349768502082,-0.7960421265241615,-1.4436508807354205,-2.542332714182814,1.0184727314490227,0.40802652508755355,151.3,0,Normal
0.12563562824741753,0.3454437389948793,1.6010513496560688,-0.10025845559082376,0.5196258252246196,-0.20805434016980415,-1.8785024017362852,-0.10614982947802756,0.8117132477257069,1.4677590682351793,127.4,0,Normal
0.4653056128257607,0.03424185634772689,-0.49647648257880367,0.7218460956688908,-2.1699371035506174,-0.10355014303516284,-1.2412649532617779,1.8252019954729808,-0.2124802974086213,0.3281118397140005,133.8,3,Normal
1.3733803411177885,0.9144526184279408,0.36505239611074347,-1.1434622927964873,-1.472579257406198,-1.5183116353777846,0.3040826299980013,-0.1567072734544004,-0.6807935641463959,0.6182888358888906,121.2,4,Normal
-0.42549909723365553,0.6192539363425673,1.6838903913536394,1.8012277240994317,-0.05197514539859771,0.6861194567220091,1.1369376580642352,1.5206499665924311,0.48502101905874834,1.386830164189005,114.5,2,Pathologic
-0.7109244521500344,0.8282497665709686,-1.0362954312961128,2.8923284008779273,0.4080705179954919,-0.6051434572547935,-0.11506689634927066,-1.4344999223074177,-0.5245867102324305,0.8161270108168684,133.6,1,Normal
2.62190845078152,0.49115155804124805,1.770344213589052,-0.6010893599708331,-0.3362207429527906,-0.08190166151826034,-0.5639797172832555,-1.3088839476855996,-1.5672571554557118,0.4434191945226182,126.1,3,Normal
-1.1268163967163403,1.1677993658541181,0.9711270285400263,1.1757826205732578,0.4356260797966019,0.57880154432334,-0.7345363577517106,1.1325709857573845,0.7355274570274538,0.7956410240782421,156.7,6,Normal
0.8556356432117922,-1.490582897959555,-0.31023940326731564,-0.1438171745435488,-0.8606117089223677,0.6800836586997657,-1.733006351799731,0.8521092603365884,-0.6122116297660921,0.1110027400411851,124.1,3,Normal
0.4162393017535889,-1.4555908955237051,-2.534971827758002,-1.2305106496884939,1.5138942123349397,-1.2238886674080391,1.599382992414402,-0.02612075198068625,-2.070148581610196,0.5078733880825408,125.8,2,Suspect
0.3219772956037256,-0.020581188638140558,1.3906071851233837,1.2971956835857952,0.9109827617799099,0.3792258286812147,-0.20251233937460145,0.8688677224555654,-0.07641530539461215,0.6040953019145479,130.8,3,Normal
-1.2276240714547906,0.08431631522036417,1.7702577280287901,-0.28389245862023643,-0.8142649581647317,0.9493707440453696,0.22254270764410325,-0.592661381094671,0.9360495352029798,-1.2344699451773575,139.4,2,Pathologic
2.7090708424500214,-1.0240299343477293,-0.6946630829374459,0.6118122762545551,-0.1884471633773825,-0.6912870729101444,0.8528978357921765,-1.126341493261159,-0.58969695165247,-0.736334119514982,138.6,3,Normal
0.176464481023418,0.5602137107303158,1.8331099397810735,1.9104244594171453,-1.9643666985881096,0.7597817390202729,1.3868248267539942,0.3866926224245393,-0.3480280234576213,0.7279129202836709,113.4,1,Normal
-0.5151367560050114,-1.3043652557480752,-1.6905699062091326,0.5277903967591752,0.929644402091251,0.3788469521147374,-0.2258672485439556,-0.28691326547297,0.49865423116978513,0.13181762025200805,143.1,1,Pathologic
-1.3296813112422878,-0.2680318695390742,0.29167333236120224,0.20880668584527476,-1.279368977009103,0.4597405322023926,-0.9121520349793003,0.4166838273469195,-0.4550226334989853,-0.017674707177673894,128.4,7,Normal
-2.0108467824944487,-0.017973489776365776,-0.177590868820143,-0.9599833005942522,-0.5386298617887243,0.8312622862270517,-0.021604203187501347,0.20642906585040494,-0.10385736122727991,0.29353581167098075,103.2,4,Normal
0.7041461864810403,0.5720810579763623,-1.337154940916624,-0.9566564372895932,-0.2930071995209398,-0.9153705055381723,-0.13168638345108016,-0.33515024669211746,0.8950480641224023,-1.9827203776079223,130.0,1,Normal
-0.837619155025257,-0.5040546456727644,-0.2499108909601645,-0.13625726577366087,-1.3764421299000207,-0.9748717396177409,-0.557794865298423,1.8842165207446457,0.6774891431056084,-0.16942297068125245,119.8,4,Normal
-0.26811206775611535,1.2155776640947835,-0.030849108235344626,-0.37901457829607954,-0.8329560192176165,1.1330846480839334,-1.262259646196523,-1.0377037281447146,0.22624089981850037,-0.1608294288681241,141.8,3,Normal
-0.6024043132578182,1.6801930432492764,-1.18968997565115,0.6801530922759572,0.37241785204352207,-0.3353553820985186,0.38908475115221863,0.15305005076723305,-1.6670273986441622,0.1800042626708038,133.4,2,Normal
0.5378115605327884,1.5379895682100286,0.6751837436246829,-1.0889291606738287,-0.49801443663134237,-1.4743079439690898,1.3252959851029407,-0.09323880593818575,0.5840845450608539,0.8549492138349446,140.8,4,Normal
0.3895376337276134,1.8078316741864242,-0.6816421017095439,-0.7752557953994899,0.8717500104515903,-0.18035502163350764,1.751748986200694,0.3073448439785976,-0.39516927243562977,-0.3652208141641593,141.9,1,Normal
0.7520690862389313,1.0661069788886415,-0.3592202087247004,-0.15162853516789285,0.7416665716607722,-0.12394206233075994,-0.7564087505771807,0.0466568068401885,0.48962893635211124,1.344303810472383,125.4,1,Normal
0.7902257262093596,0.6151836085236075,1.446904648115906,0.09633040842931663,-0.8488584608399681,0.22976615490204486,1.7586820537707195,1.0797240389302885,-1.5168486645808168,-0.9734506515818665,132.5,0,Suspect
-0.7159851041517469,-0.7492106062089681,-0.6544568186140838,0.058388028571648126,-0.4536458393224902,-0.3995493944941609,-1.100600692788456,0.312657283766864,0.9377156663465614,0.6937617839917773,141.4,4,Pathologic
-1.3466611010817657,-0.5641204686846295,-2.261684287881637,-0.19543156047446614,-0.45314816162214117,1.7234003595548955,0.149220309261501,-0.6506642955768527,-0.8404682915633993,-0.5190582087634449,132.2,4,Normal
-0.14847155620979033,0.948787177567423,-0.2515437066324511,-0.7844473851674211,-0.4039424277734968,-0.9097490682983774,1.0455567755279118,-1.0268131183757911,0.4310353377008912,1.1678199185844758,121.8,3,Suspect
0.5173425257598756,-1.780919835050062,0.10896752344851149,0.5794509710788152,1.474787784454548,-1.9550840999575971,0.5525236810560489,-0.7693850153510834,0.9332339536374755,0.22086155458877554,144.4,1,Normal
0.10826603152890267,1.3235697590362792,-0.2414271897678976,1.1826375120116326,0.19164287128926552,-1.4812703006940484,1.4119688879094139,-0.8132634132074332,0.3907498360287935,-1.2060976206082445,130.3,1,Normal
-1.8693017066007995,-0.6062060449547152,0.8603308316079443,0.3102650875204568,-1.6592628635808904,-0.7508705506289758,-1.0247889448708485,0.6785996702770587,0.3861624849475783,0.10325636657323586,122.1,2,Normal
0.05748509283654412,-0.5340993231033367,0.40021266643072856,-0.5800831635693736,-0.654829751171357,0.4610589874486972,-0.1826004914205372,-0.08259083260848522,0.08824765518132938,0.4005797688046432,149.2,4,Normal
-1.0005752208836691,0.7758803087976409,-0.5994860045078516,-1.9156281754121902,-0.46214702659379303,-0.22046378410650208,-0.2030822477206384,0.3954816055365454,-1.219769189832905,0.22543139080311586,110.9,4,Suspect
0.022133227507383064,0.2804268411274706,0.696486460516548,1.6601041662624043,0.4235168823152467,0.33102358423939787,1.1391927560453547,-1.3776039879270197,1.3254350054373454,0.32886691378671545,123.3,3,Normal
0.9645219080946819,-0.419526714600371,0.4635762524882299,-0.17477787887800406,1.8021667637303846,-0.6870848726538495,-0.23143339823661732,-0.31589239390535356,1.0954927156230603,-0.22489823045315285,124.3,1,Normal
-2.4933238357510787,-0.9106601897206286,0.4333451816442135,1.3220062482227715,0.7873053577752861,0.3945525518408202,0.23373177648653837,0.4831373261630267,-0.3826090952762035,-0.5591301154967374,138.8,4,Pathologic
1.5071153187695725,-1.5012921276540871,-0.1597250487411225,1.6418901738144787,-0.10207710779263464,-1.6013879952430128,-0.25829897693732856,1.0400021553710783,-3.427946541437005,-1.6438890343209887,126.5,2,Suspect
-1.0460388326243601,-2.163169604919358,0.285395690124564,0.8036781915550166,-0.8507488569179853,0.14106483034217243,0.3619474382186637,-1.4853454998482494,1.0066973722666759,0.5829837511427074,123.2,3,Normal
0.9959077392439178,1.463158591564768,0.10908365924359996,0.9547255117482019,1.4210045520276815,0.578488475247321,-0.7511894099791304,1.5679310912439994,-1.8207613103335116,0.5076857168328857,140.4,1,Normal
0.841034484615926,-0.21656423550708365,-0.3002803447714306,0.8751665408300257,-0.2967529227393404,-0.9424085169013239,-1.119498901410315,1.4409840034605517,0.532134559725668,1.910047097842389,137.8,0,Normal
-0.30117872185677363,-0.8887644028119571,0.47918800518130916,-0.221143605563148,-1.4205015254813365,1.6607304728713221,-0.49867664466061734,1.017726164485543,-0.7286026373144812,-0.04144474776168533,127.1,3,Normal
0.4544545826901472,0.7515194089337207,0.5566790666073655,-1.148352301075451,0.3576573179212073,-1.8961409451362743,-0.9182058628869816,1.2654195216660464,0.48024611887204927,0.27751719576818557,132.3,5,Normal
-0.7014776047514242,-0.7792765703788401,0.5571276784538004,0.7980121804149065,-1.2357252975591937,0.6802452096902321,-0.20280161018139994,-0.37832006561054377,-1.0073181851056876,0.15098027633773567,118.7,0,Normal
-1.725900615743911,-0.7597195343251136,0.6170158864707718,-1.5296421443635102,0.6596897478219516,0.814184661655248,0.7817431608441038,-0.7976487685284872,0.005562798088710015,0.8663862124321716,127.7,3,Pathologic
1.1377389669325357,1.1896819297793848,-2.2497151421673425,-0.3927583406706596,-0.39395095773819094,-0.8867112286478883,-1.3375522743082677,0.08491008391613222,-1.7063286874499715,-0.5143747735319756,129.3,2,Pathologic
-0.6831682367388561,0.7415297339121465,0.9043258653473488,-0.6395931679752522,-0.30571970440723983,0.2950237311245034,-0.41387977517950514,0.30105345372632203,0.015253799109024167,0.15061717737361677,117.1,2,Normal
1.80077609981132,0.18315552877692265,-0.9640896235796788,0.573046288230161,-2.74555724644954,-0.8808001041037082,2.1703448586783978,-0.6251872155140663,-0.004418452828413393,0.027226988361856264,113.5,0,Suspect
0.8830212637941568,-0.5542254710411499,1.1201073191885556,0.2328024408281766,1.0775303653104342,0.27106388355826067,-1.7948070112099204,0.5892682535205699,0.7179942301453,0.743559955608982,126.0,0,Normal
-0.8446066892316327,0.2335890212332358,-1.360483417012199,-0.6416408916490052,-1.1791109761053002,-0.24487092788651343,-1.116935588647276,1.409557503163465,-0.47834133913106336,2.221756960028139,140.6,0,Normal
0.5885551278013407,0.5804868671264249,1.581937094834733,-0.4214947146434428,-0.7223221842133704,-0.02175028531809926,0.3021873654680044,0.8953994010751577,0.2829687247049794,0.33097438675311297,135.8,5,Normal
0.5278777335335728,0.2580579613282153,-2.183686555072161,1.95827732193011,0.1908939352261091,-0.6077307213702563,-1.6039182947173551,0.04722704469998626,-0.3965586218037933,-1.4447253798475705,124.0,1,Normal
1.7225360910278522,1.2144005109129976,0.3232524418169596,-0.784587250539346,-0.14587412964284396,-0.602391432436408,-0.131044315644829,-2.4404393951283745,0.4535615694704257,-1.1721220412867819,155.9,1,Normal
-0.48894986976236304,-1.0013192227736216,-0.36567031523478644,-0.18331633968087555,2.296249736242468,-0.7965148757622474,1.673050338751306,-1.5359271953889655,0.3911137155972908,1.055161519108846,119.3,3,Suspect
-0.23226887226804302,-0.2580967768139563,0.46341044674894055,0.5790025897452641,-1.7249172114340796,0.6194990427566033,-0.6258588588989628,-0.09402041176927559,0.8796460306574316,-1.6638921589463185,135.5,3,Normal
0.4332873928173568,0.5569337166624229,1.7254678749879964,0.07041212400950335,-0.3830777958306537,1.645055633754617,-0.8955371329904636,0.6421021412435467,-1.172697361859398,0.31648843847241465,124.7,2,Normal
0.018161368794149632,-0.5726723281787095,0.23663068229013065,0.6090504668617002,0.7861806083572576,2.2542174459208892,-1.628291711723927,-1.4221169760415904,-0.09143296027444711,-0.7306413571422481,142.1,3,Normal
-1.3902631395305491,0.9528352499616678,0.9395787376087631,1.0986555077805158,-0.4430344426535907,0.9126818428010289,-0.8809902481585916,0.0958910976997455,0.2837931562858454,2.697993252781374,128.9,2,Pathologic
1.0148384991672512,1.3427580383562092,1.5346004517103522,1.4392835959131658,-0.0033281157445989706,-0.027458639990722893,-0.24037156805629828,0.7113575495090946,1.819338195786848,-1.2122495180476294,127.6,1,Normal
1.5981817539368082,0.05932916018211819,-0.6190341691997291,0.0451157851320785,2.584751893872803,0.9753003645950418,2.1346847916913045,-0.0648744229381265,1.9826844315097636,-0.6619399825666159,139.6,1,Suspect
0.15332586700046735,0.38281752999421775,0.3620136945771749,0.40528066517931355,0.06584380590767193,0.3299734868343092,-0.18662181111287596,-0.621210679030618,-1.3594220188797221,0.7813411557748086,128.3,4,Suspect
-1.272652329191348,-0.20874056637537663,1.3680693905334431,0.2101385578522842,1.4006745825156468,-0.36396987666525615,-0.13924094439072673,-1.4825749996738076,-0.6148600588919249,-0.23180017871480083,137.4,5,Normal
-0.1131091997396867,-0.2926594763266452,0.3527461639822107,-0.8952450469899047,0.6496661925419334,1.952468405044392,-0.04869502180057381,0.7725478466712413,-2.4988049681116564,-0.719196338504868,128.9,2,Normal
-0.9093072024383921,1.2833320052231032,-0.586491694995768,0.19502088096948886,0.7374879271046136,0.9589500355153604,-0.8727534157649212,-0.6544510538775986,2.1962378451210927,-0.9655029868629179,103.7,7,Normal
-0.25912958466127994,-0.8361685578465203,0.5150678370719027,-1.647371008974272,-0.19841456239462213,-0.760646666203779,-2.360447401803224,1.6463131585054933,0.317583170461815,-0.6569046047016496,151.6,3,Normal
0.18543983562006736,0.8267466242712677,0.11487444359236736,0.37493736467037825,-1.6289604898592134,0.9463281387622313,1.4430478481767597,0.17706324101404222,0.5806253250981172,-0.9062401484337957,135.2,2,Normal
0.6560485844884582,-0.4928811233271691,0.5092886747753681,-2.1320703537473746,1.0876564775841746,0.5608596743479366,0.6035659505225336,0.3692476402347366,-0.3161713267812697,-0.012687098971051225,126.9,2,Normal
1.4051618015472624,-0.8455291028734929,-0.5284363303803344,-0.9894133914759041,0.5567821867240251,-0.9521818535027193,1.1103968294348732,0.832654774723142,-0.0038482254763731547,1.9251081563164314,143.6,5,Suspect
0.6271117121643596,1.0079910473150366,0.24220497234409022,0.8553812002454478,0.535655944229688,0.06055656248045176,0.23476975592932178,-0.36440703465962637,1.1293029239736398,2.062493143749552,120.3,1,Normal
-1.0579845149399332,0.6964041107826788,-0.13950141442053487,0.4651783726418019,-0.1499890706371945,-0.07051431774910079,1.1587952694597745,0.4698991005312386,-1.0462069080131486,2.045228051105608,120.9,2,Pathologic
0.6818630471605099,-0.6533155957614406,-0.4947737202608192,-0.017173833752174898,-0.648137602421915,-2.6096025713628834,-1.543491952620558,-0.6455597791421038,-1.1290578375313183,-0.13018657976860498,115.9,1,Suspect
-0.28573989765298763,-0.16828709541581555,1.3097701120537912,-0.4504932228950871,1.3226019987996198,-1.4216065080775087,0.050700136283477,-0.8006029089932452,-0.24068553388141045,0.7158499722635742,128.0,4,Normal
-0.17294339589077662,-0.12451522434868428,-0.5136903366635082,-0.8644683683518845,0.32671815692794176,1.0797059625553747,0.5160120022702525,-0.9114372661640434,0.009945160687862775,0.12697252830385955,123.4,2,Normal
-0.01403037466111536,0.23509492445698416,-0.7552848990618837,-0.571220613945368,-1.8287721557962808,-0.7278984453553887,1.3184943537584257,-0.4892157341478925,0.5554193420796846,-0.8205732436862302,127.1,0,Normal
0.1350731419807245,-0.4894297013259864,-1.1864767501640467,0.6852024580071107,-0.053491407039607704,0.5819190812728867,0.41619153734930847,2.058482465195825,0.01969139923404079,-1.8042019378547445,115.3,2,Normal
1.012605665419229,1.7365566267875532,-0.0646885444522385,-0.2539952496239981,-0.30397115812613096,1.2628755906023785,0.41698250681038523,-0.9037621975698333,-0.8448797691268901,-1.7620868479270044,123.1,0,Normal
0.49682412261067554,-1.108674099728046,-0.15227334571552645,-2.084797620648977,-2.626383157709395,-2.0735309597351455,0.22608005441992843,0.6137826912574139,-0.38072323052845314,0.15510410798048502,134.6,4,Normal
-1.1855193843388676,-1.516007080838317,0.7221349390772758,-1.231491824980257,-0.7480519151216369,1.6090329193825794,-1.478300445762849,-0.2269832149573122,0.17697152863335797,-1.3635993320636575,143.7,3,Normal
-1.5021046770412312,-0.11707174479069028,-1.231353907420491,-0.8119429173183981,2.596095338416671,-0.17319281623515018,-0.593592230067549,-1.1360159694315273,0.6605973982036102,-0.7954592757761652,130.4,3,Normal
0.6502002501776366,-1.9874821461717953,-1.6844442120712884,-0.26431652121454874,-2.360002123713234,0.38582239468823587,-0.5046402757540571,0.791438417381001,0.999399160281706,0.3689999622492312,125.0,2,Suspect
0.5386948672856668,-0.7767758764534112,-1.8548080522523651,-0.29351136019265917,-1.1541853871533037,1.936989517662887,0.8331447830280063,-0.5034354653885132,-0.2745976420364827,-2.3322494598122225,136.3,2,Suspect
1.2611251102632242,-0.6328902618232636,0.456064042925078,-1.0558915574672674,-2.4331161789090214,0.9633016115312804,0.5137900578937343,-0.44629412353963754,-0.707467261815137,1.4678575707104438,141.8,2,Normal
-0.0984688068720733,0.015165532350737046,1.0345939586901307,0.614896931338027,-1.5829315288458499,-0.1784714474667886,1.506104849830029,1.0830577451774615,-0.8981249446935489,0.052858388360690456,141.2,2,Pathologic
0.27999677642802157,-0.19734992312853036,0.9530841039083338,-1.9798445877051363,-1.8383610915666695,-0.5342955945059963,0.48807056755618067,-0.26211478071638716,1.16679451984978,-0.37642453575091295,135.1,0,Normal
0.4774294187823928,0.2360088191556543,-0.5015169975714094,-0.746142189179998,-1.1844746266476163,-0.4496682445596279,-0.21322598890989838,0.22389351923386244,-0.43627748095322466,-0.6383796124000124,122.5,3,Normal
-1.5543868926403717,-0.7800623650793879,0.1300947888052557,0.7846384744306681,1.7159720634950797,-0.5659208725634283,1.282528821762754,-0.027772188205055538,-0.7636806729426047,0.47290733676880564,129.4,1,Normal
-1.6122518742962033,-0.3784296747598757,-2.246838900645491,0.5399597006933495,0.9059533106769259,1.2621880731828177,-1.2442767446496752,-0.09393990021301503,0.1671746273555397,-0.9647369836457719,132.4,4,Normal
0.7358893430024924,0.5787413918773144,1.6178940793276182,-0.26999729192143285,-0.2590658884962132,0.5397852050998064,-0.290879503946021,-1.3196420969186813,1.6143240213214713,1.3207144715516534,105.5,3,Normal
0.3692269193452832,-2.2693829489203745,1.1568196159358997,0.9387449593496561,1.673832222243815,0.20946197694084825,-0.9470107315474879,0.857936144196824,-0.9243297817924363,0.8675788607771484,130.3,4,Normal
1.3467299352007882,0.42072294185332043,0.9039578708614722,0.26050005193149306,-0.4760651940388104,-0.21925091229120958,-1.1208168394630365,0.22198746318344298,0.5912604503594123,-0.7244734879057069,147.2,1,Normal
1.843740859536714,-2.1446429907837516,-0.897670493341718,0.07056284329765997,-0.9553688948869032,0.7281498648143772,-1.0867063733452897,0.8137850769990871,-0.454973659115837,-0.19615307202296195,123.6,4,Normal
-0.30039994756418886,0.01059864700122312,-0.3635554932031357,0.6007691691916107,-0.4330203230842171,-1.88461644323259,-0.6614662651988662,0.11532423977221098,0.11109087476667301,1.212990531083324,111.8,3,Normal
-0.352490813633896,0.5199194637314847,-0.19015346003554323,0.4062832792615915,-1.583541429178492,1.8626106451580504,0.19035537211817694,1.0561336629978555,0.811154607356635,0.4057612618644323,123.3,1,Suspect
-1.3565734479453975,0.30771826260386814,1.7002943226338578,1.3316837172404272,-1.8861071936696863,-0.2679460686047772,-0.3506372441725588,0.15161437346079146,1.2159934830818975,-0.22620355418348312,123.0,2,Normal
0.5180795319638611,-0.6202345763452864,0.9999961746574246,-0.2757325763036633,0.6597814146540142,-0.9522122288884618,0.259728130037481,1.3722055519492573,-0.5296010228237926,-0.7444180501693718,141.0,2,Suspect
-2.058250620485851,0.2569199690560509,-0.18697534441651895,-0.24286228494093173,0.33165766277856096,1.1465234428034659,0.2211843292945486,-0.9055323701596443,0.750395141488393,-0.11235458756647873,156.3,5,Normal
-0.9703240260113821,-0.9423147871628865,0.5845967008361056,0.1968423250389122,-1.2872587857782836,1.1232020263774658,-2.3367868959628546,-0.7905955155249733,0.23745523478315728,-0.41353747400026125,131.6,2,Pathologic
0.30865071092604646,1.3820257180119466,-0.9116924919591586,0.02132621793257669,0.46732234900766456,-0.07418308067237984,0.15465518776020165,1.787084762635035,0.40278246428202624,0.30904205863654677,121.5,2,Normal
-0.6588677705870544,0.8312801026659925,-1.3848269112974199,1.8568790088790326,0.5072971884920002,1.3274989936762245,-0.7500208525436683,0.8270527477486982,1.2356482410253071,-0.3138703766075887,117.9,0,Pathologic
-0.0472588274500546,-0.9490199425115539,-0.06880072171849078,0.5244069823313681,-0.6043893380995211,1.0029304847172367,-1.6425847534334923,1.865575994718473,-0.7105908688488413,-0.9674382040394301,140.3,3,Normal
-0.20701773753542946,1.3768668049644182,-1.1373556285223123,-0.7231774240390126,-0.9529035125199491,0.3798387778641183,0.22646332111889572,0.6129259865624699,0.77486162734307,1.0974919780391754,137.2,2,Normal
-1.1119786658302027,0.19461385527340702,-1.6918372532143102,-1.4910624207026233,0.791615022777424,-1.6402203373410131,0.06367261804570012,-0.27807171276408577,0.15686909806646918,0.5434304774257664,141.7,1,Normal
-2.065852182253232,-1.1296613899172077,0.0332680334042847,1.5710462437525012,0.44777557490060604,0.12640667969819228,0.14719171821211052,1.867311953710214,1.1838351236898443,-0.9976006636075523,124.7,0,Suspect
0.7000839101780183,1.167580087986846,-0.26475602418905747,-0.3750604504188348,1.7400023006915022,0.008827357763610946,0.6934584694829539,-1.8185098135072826,0.41007412940585364,-0.5896612849673947,146.3,2,Suspect
-0.1778472805015434,1.6435639579056043,-1.0086628549899346,0.33062899069050566,0.4360115084867832,-0.24877240394744837,-0.6814829658796773,0.7998875727216993,-0.15110649261507955,0.7098672181576153,131.7,6,Normal
0.33957235691197446,-0.25574676701971066,-0.4002743050295425,-0.01857056087230804,-1.772765354553923,-0.37063309745646106,-0.9924727285795849,-2.539900461042282,0.8712331573784958,-0.8387519936708103,122.9,1,Normal
-0.05851581139876566,0.3659844367037729,0.3787226740612247,0.8064947736014206,-1.5322705909418433,0.7515739400257642,-0.04092331625476787,1.5062444403230941,-0.5678283585589943,-0.1701751246917414,109.5,2,Suspect
-0.07633262740305889,-0.013120244776006455,-0.22574556627813988,-0.5530133025335128,-0.21769947815386187,-1.2449200418076483,-0.4621935222887782,-1.0276421732226593,-0.4003917809565523,-0.2908103419782385,124.9,1,Suspect
0.1634957130509342,0.5793699145632784,0.14003547439579112,0.11886239680837214,0.8089691378164708,1.1940028303877785,2.6985005823194785,-0.30619717230321103,-0.7511514886894786,-0.7233384421200073,124.7,2,Normal
-0.1923518202054796,0.7948249410775586,-0.16994104741865232,-0.5455713405254262,0.32089614325833554,-0.05037723998789605,-0.15946039636227707,-0.9669956833299016,-0.6267821773938165,-1.0615946145544612,119.3,0,Normal
-0.33853756635983523,0.9860585878684686,1.7300460750831987,2.7815730952803674,-0.6168044353951512,-0.842106515829168,-0.031682650632167526,0.5921522935404586,-2.735169569723189,-0.05478577730074136,134.5,1,Pathologic
-1.0050247975700217,-1.847879011243535,1.329202154023616,-0.7526941643316513,-1.6826812137205045,-0.29015799910891965,-0.9152458432475153,-0.18478475426120208,-0.5106933131352105,-0.9304225568824077,123.1,3,Normal
2.4825049769948087,-0.5182188918084649,0.11623983682059283,0.5601588625430721,1.4688518764364022,0.19904923238127256,-1.083393845387219,1.3821122779275818,-0.0735045501048597,-0.5964497815414027,120.5,1,Normal
1.0069677414880913,0.9653325278291708,-0.8193915707448716,2.845401456851383,1.4210450704767899,1.4422878842628208,-1.7177878179156851,-0.6590238044350469,0.7603419464405957,0.8494442723099546,120.8,1,Pathologic
1.4910123800101407,-0.6981749811014498,-0.5604052968248402,1.098613834713911,-1.4072685279403652,0.7101900883882221,-0.3898417705131951,-1.1808252943784912,-0.920910271422506,-0.7171004815133719,115.8,3,Suspect
1.2690416295342988,0.3471911872334937,-1.2913807379742557,-0.021266302237487992,0.6644660541124092,1.1812080463576369,-0.2734809785946703,-0.4708468470059765,-0.5004696707393256,0.4573485813195777,124.3,1,Normal
-0.27923211210076043,-0.9164067517388158,-0.7974961413391105,0.16695743584840977,0.25524699793326233,-0.06317364689520746,1.0266204036794182,1.637927674774052,-0.17630852624087245,0.9572669387277578,124.5,0,Normal
-0.18174361200805159,0.6778974759592685,0.6679699176110132,-0.8127397806161533,0.684190631955021,-0.21220839327401278,-0.3246177841632722,1.043029335423742,0.7654806221106313,-0.10711566790753316,127.6,3,Normal
0.002868593502105894,0.037478847403059116,-0.5936411106084619,1.6798806305387217,1.5179478238429918,1.8569003514297955,-0.4833159718533008,1.1567291048259305,0.17995707759460863,0.5098390139759476,133.8,1,Normal
-0.3641713047838175,0.6039903274082512,-0.17494754534950774,-0.2258021515951906,1.425244433320267,-0.1377524849721024,0.154877275972789,-0.5510998781665087,0.3744850767318054,-0.8569564112436479,145.3,1,Normal
0.8779038880562642,0.39496995430080273,1.1814417901875494,-0.07349792953459718,0.506357009897442,-0.5477310234969411,-0.1935787999465855,-1.3197005042105725,0.8821369064159097,0.7411845006726114,140.1,1,Normal
-0.8134584855803368,-1.4052359737464735,0.553021778881936,-0.8782450685793871,-0.24376718229155372,-0.6498323629429319,0.8661849123097725,1.421597413151524,0.5028893333000347,0.6450640204708677,114.4,4,Normal
-1.0668524711916019,2.0949224663094568,0.06881897162436808,-0.31233775409263387,-0.29943145254954695,0.29486550108323395,1.342064995962037,-1.3775329083831136,-0.6027938710858641,1.4549996516230084,138.9,2,Normal
-1.2963951368141122,-1.3078558539778344,-0.11420278881090469,0.06533658984873042,-0.21876232043160748,-1.084081303880119,-0.1344321672819059,0.00609528042216873,1.7104072570028817,1.1719336031112277,140.8,5,Normal
-0.3240188727689398,2.4853830581465046,-0.19805849054314417,1.0894810132374826,2.7299347616727,0.1831064008411681,-1.0706241543437367,-0.6651428288176453,-1.9018515438906634,0.2644486244190397,137.6,4,Normal
-0.4718724443938858,-2.1602739222770673,0.9311408839314038,0.26626013844953167,0.04520885631575357,0.16391373289172706,-0.24558493793824415,0.07539838744051885,0.898306892925655,2.7603514857231057,125.5,2,Suspect
-0.618810378809879,0.06808109321339531,0.29790213678147187,1.0949343220157188,0.7797544283331085,0.5911589397994443,0.11079309327194571,-1.7092076571524595,0.44002231422344884,0.8837695236311351,144.6,3,Normal
0.08374959269494577,-1.4075731370177886,-0.25653592143177084,-2.2847183960848696,0.41603721027961693,-1.7497604511056,-1.4504876283806867,0.8506973505146366,1.2442223253938756,1.2728885143306907,121.0,1,Pathologic
-1.165852925530655,1.6157505946294546,-1.2738014823695858,1.4006855964884084,-0.9893341567219982,-1.9984587325502503,-0.3929284013800639,1.3705043636683578,-0.23316177729253212,-0.46108541254153945,140.7,3,Normal
0.7422767189559724,-1.0144192020382203,0.4827036620098827,-1.3414176378657399,0.47776049236467694,-0.43779353023961176,-1.6001665502475813,1.0447097417870035,-0.49629850351527144,-0.36874587198763564,140.4,3,Pathologic
-1.097034281843256,-1.094996161148163,0.3424975616514467,0.769178221102728,-0.6622847275511126,-0.13944214747191813,0.3162108680708951,-1.1127488859036818,-1.1019938740208137,0.07231993531488866,135.0,10,Normal
-1.1726853300712619,0.034158630048087855,-1.5822653291555366,-3.108269052401953,-0.9465133434236682,-1.117140040509411,-1.209071523343094,0.43424832086543197,-1.063481387486254,-1.0023538826919811,112.0,5,Pathologic
-0.6436874288458483,1.4302504125494013,-0.15454886175849666,0.06569371231722125,0.5942236363916412,-1.36840305204463,-0.42606105628714513,-0.1712888882716603,-0.167007523526431,0.03784958409490603,132.0,1,Suspect
-0.13807448810386186,1.2328889546908677,0.33496789204938876,0.94762791931014,-1.2646117815966353,0.4323913823750335,-0.2551701201422161,-0.0006559052320371303,-0.8420986100995431,-0.03927410754496438,138.3,4,Normal
0.8605383885296408,-0.22271751401596013,-0.2613523418916016,-0.8413305299009374,0.8775326852184847,-0.31189182950047994,-1.3882255620723005,1.6593729688361634,-0.7114399174834162,1.0942203338208842,130.5,5,Normal
-0.07464230141042236,-0.32046713731812093,1.8141250395361403,0.03588641503353733,0.5702006848682911,0.8086432527281319,-0.05596004911010191,-0.43516428768128373,-1.0602413179787342,1.1672029448346721,129.2,1,Suspect
-1.6046747315879442,0.5215413469178868,1.5270515734188022,0.9263564466783397,1.2649205746907146,-1.3759291198182961,-1.1787733602962023,0.679320977838308,1.033917003382547,0.1210654559360907,126.3,3,Normal
0.4875298692831819,-0.0582834571845804,-1.2620352103009405,0.7343079971572587,0.47997372312378117,-0.10819452556175714,1.388570163588059,-1.745074989685057,-0.7225952658683747,-0.3727238141367191,124.7,4,Normal
0.4683146344186392,0.08063959594200619,-0.2482246594316022,-1.5596145424835575,-0.9555986108702067,1.672475363178702,1.2373062728524056,0.07196607788331526,0.40171358341253677,1.790503827290157,129.0,0,Normal
-0.5803631331891257,-0.141717439615494,0.9688325767633759,0.9989114651523998,1.1142032382506406,-0.29735568856412775,1.0833172290379995,0.9309488070813622,-0.1261777261919866,-1.5203875501283175,142.0,1,Normal
0.17084764598243785,0.6104579724246727,-0.0834173726901368,1.7086655014236427,1.1658202128732362,-0.5834263409732586,0.05588304844752688,-0.15022851357764846,0.3470174790725824,-1.551773470624534,123.0,0,Normal
1.4345869717164808,0.4508997555943092,0.7368710416970289,1.2150627295503589,0.8934629806105945,0.9120823539107114,0.24832151147273565,0.6148104710354753,-0.262320197381793,0.4806932988360236,133.9,4,Pathologic
-0.8641922402475432,1.5214202241273365,-0.6479357477788907,-1.2303878765894223,0.7330962100771067,1.2185914212121023,-0.2671600587868275,-0.8105674366329482,0.7748868774122064,-0.06935092063943384,103.1,3,Normal
0.9604954819805551,-0.6368678766227623,-1.5698914462320472,-1.0855306317465772,-1.477910152978016,-0.6351971783285338,0.4464588833499368,-0.46623348805636594,0.6135429326456943,-0.3072264269893156,124.7,0,Normal
1.265552297053556,-0.6460754607430766,0.6932303969554567,0.07610035341757183,0.8559738757822563,-0.5617645416020982,1.547461826389765,-0.1346710607977396,1.2093903867082978,-1.829226465227154,137.1,1,Normal
0.1758325289288433,-0.09269335300606933,-0.3322476315030244,0.5855031504127466,-1.2491501910279854,0.8653362421078292,-1.0691012932484512,-0.5424887828953768,-0.6608633936090871,-0.8782752647248026,140.1,1,Suspect
-1.2289782782939684,-0.20222424406547326,2.578228487387766,0.8709194260768639,-0.6216260847119885,0.30002957523655777,0.35066664468165926,0.8983835730519067,-0.8467743731186971,1.4779727216183598,118.9,0,Normal
1.3069138644219729,0.8628649545157777,0.940178770533361,-0.7918906096645348,-0.8316703662486342,0.322571463572281,-1.8023214149806321,1.0931318532217125,-0.3888274623754155,1.3074395874373517,132.8,1,Suspect
0.915991415650324,-1.0548923498513503,-1.0600370825116776,-0.07438483616289956,-1.568610224949195,0.2366748528061887,-0.5021146018088837,0.6476678131666391,0.11345623644892455,0.7906154123364609,137.8,2,Normal
0.5483848401193082,1.2700596580008794,0.6734873528960097,-0.8182174334785158,0.1773635401618563,-0.05062798608850641,-0.15214528123008167,-2.5315859247703414,0.5269531347953842,-0.8161427451981574,121.9,1,Suspect
-0.052388692894590756,-0.28446113568524783,-0.0706170945450766,-1.0067329734642405,-0.03108247510297767,1.0025929151275819,0.2281898476704044,-0.3180920130109959,-0.6267395134758703,-0.3331172603542406,113.2,1,Pathologic
1.157382856162517,1.1813149059626995,0.5256761722274311,0.40636954206981046,1.328226440278166,1.3885527885880389,0.5871201092591611,0.8420979410316923,0.19991119089710022,-0.40244814818393504,116.5,3,Pathologic
-0.8500654365818059,2.531257834522885,-0.7234307796513004,-0.07342240735778138,1.2053108763102052,-1.029777825117275,1.2202494807759705,-0.16358998075664005,-0.18266554588732534,-0.6768481155338394,114.0,2,Normal
0.8571224686875722,1.0264903495284199,0.3120990792567722,0.4554382566284733,0.17689167192857946,0.887122389969797,-1.4902303388229938,-0.22268833306372157,-0.2661820183353049,-0.5441465183796595,137.0,2,Normal
-0.3216925588284003,0.6248644740854874,1.0592468389652965,-0.571697441301791,0.7881145369367151,-0.043911703556023744,0.780280171155563,0.9351856477094833,-0.008744351362044824,-0.10090898716930088,130.9,2,Suspect
-1.676442512083381,1.1156694848463082,0.8224081102211829,0.6696732038382516,-0.1042187444257138,-1.285947324882321,1.7146071499397872,0.98651586191023,1.5009674257634902,-1.4756710156075155,125.6,0,Suspect
-1.0046037546900082,-0.2942853700255983,1.0944762753897994,-1.127531463098292,-0.11045933514780418,-0.9243093616072144,-0.46297914677412133,0.5985289163419708,0.7905687225192558,1.180819870512825,121.0,4,Suspect
0.40392715766536424,0.2629993433791441,3.1157028566802,-0.4554244746769019,0.12559498739848454,-0.4094728448457354,-0.5879409065332668,-1.488431765189791,1.049057178585123,-0.13553132356428338,140.9,3,Suspect
0.22219352497242642,-0.6722327563529155,-0.46681386397102403,-1.1067175650427648,-0.15073109165571846,1.0581485606671912,0.11979787104719827,-1.1189795513478042,0.36244074540645727,-0.5021758860928239,127.8,1,Suspect
0.4432580765360991,-0.6086655826184423,1.8054267468970453,0.28451807226434617,0.21206345968717974,-1.0342013233319418,-0.15105121010722158,0.3932796806782418,1.7611600144958637,-1.5763183522338524,133.1,2,Normal
-0.36705222304233587,0.3083980528941983,0.2956416360299942,1.81249723784418,0.6634402488072303,-1.8006818946003607,-0.2180159267208991,-2.0802078245999667,0.8898628432633795,0.7827688382751607,120.8,3,Normal
0.2110248630099523,0.09571338511294583,-0.3871462311018293,0.3686621801836315,-1.2196705292551704,-0.2648055988057874,1.4349322471922832,1.639790249999494,-1.4254723151730475,-1.042087569545201,118.1,1,Suspect
0.6254685879128573,0.43140495590873124,-0.007313747611439336,-0.10170126328100858,-0.4081078830863488,-0.4774138247450621,2.376873960144194,0.1361415136995994,0.7275964635236685,0.481943900551676,140.0,1,Suspect
2.359938367618952,0.13421742012243598,0.9028315855202703,-0.19746302511212274,0.775875207423302,1.0706337808323303,-0.32542827030118066,-0.704053399926812,0.33842927909979387,-0.8808777320653832,130.7,2,Normal
-0.3921331590645981,-0.28236617831036614,-0.36825456225843484,-0.5800236427679398,-0.5542660790477093,0.25691753887949054,2.3122030793316237,-0.5315493227488474,0.6221844307205903,0.11407637742073937,131.6,0,Suspect
1.0247352916359886,0.9237277250005597,-1.9599299407191075,1.105172377342939,-0.5332110416814878,0.7124643005292007,-0.3555833684516715,1.2070267874720142,-1.499972657907359,-1.2823954710465648,133.1,1,Normal
0.6465919612806137,-0.6174982474407957,0.8397423635738008,0.41192835490611557,1.0154540475660188,-0.39339757690932897,0.7566630021163743,-1.2596422818871582,-1.4636934056638171,-0.17027623448189128,139.7,2,Normal
0.12264776572315757,0.25110470476461993,0.22748057175570294,-1.6735268105958958,-0.7399508574214081,-1.217697758880139,-1.0459956550615102,-1.9229957618319071,-0.09505336868895088,-0.07768028184983254,141.5,2,Normal
-1.3013488746080137,1.1476493337682174,-0.5190315236157712,1.088295858288457,0.43345079816340887,1.312166471251765,-0.8834455651551119,-0.9932527190724468,-1.7558438069427729,0.16161461962043797,118.7,0,Suspect
1.389873457976197,0.7094648284360286,-1.2609526179157917,-0.8705577298109812,0.14981316993611057,-0.5898290234151902,-0.32542171783078166,0.29534931289080174,0.7033169950943161,0.8834247134389126,127.3,0,Normal
0.2488375594202532,-0.02892007600526676,0.40680463072756085,-0.6559355044392816,0.887585711518063,0.6474033559054474,0.8313609323614504,1.6020342135586378,0.1478219054475254,0.5164857450318513,119.6,0,Normal
-0.5908957734029112,-1.7960574108044232,1.2909605324965157,0.40228957061871284,-0.06610006488000575,-0.36803435430951154,0.20770926828374153,1.2172570383192542,1.9477594863463021,1.5630173183839977,131.6,0,Suspect
-0.8843973572939886,-0.34009314024724774,-0.8966344776090539,-0.5982421900562329,-0.7904967532747785,0.6575953975443047,-1.644732468679082,-0.43637894149897577,0.3745433535690309,-1.4304620204485246,126.0,0,Pathologic
0.261002524878943,2.1244795121660287,0.2819956922341634,2.242825308771833,-0.6521955211074326,0.30203425322715,-1.3334161904124773,0.2831009823308245,0.6938587796799461,2.0913272856591503,126.8,2,Normal
-0.9378814999674236,-0.24809686888805643,2.2134507805488273,-0.23851738780669865,1.6558680219418667,0.12814504378234398,-1.7283555111602884,0.34795710588765094,0.5789775223113031,0.940197042914702,127.6,3,Suspect
-0.5687017551407606,-0.005116088855638468,0.9487921414938459,0.6331565252767467,-0.5336282438928581,0.41327663470512105,0.31715463081262946,0.22163312031903284,0.07850780972098666,-0.44239207854238294,127.1,3,Normal
-0.5913798046897076,0.16957665321903084,0.004759637850528015,-1.5444914808044452,-0.5989844598021578,-0.24107090790174715,0.14699941621787982,-1.9693740247843685,0.11762426858325264,0.9890290847148884,155.1,3,Normal
0.04616904339190313,0.42731526822947785,-0.09583597268974976,-0.6162818445756514,-0.4616664330244112,-1.7048546733536376,0.1278176606462515,-0.313789975492354,-0.056414492389340265,1.7665020760457188,110.5,2,Normal
0.6004907814008196,-0.6552172731088589,-0.46771421548611714,-0.13091156941136903,-0.27061111154730505,0.28889975669580037,0.11724607017565451,0.7901690454092039,-2.386553942544434,1.1125943544443382,128.4,2,Suspect
-0.317693679026366,0.7580243340993158,0.08250139443300719,0.9968191396249309,-0.40811033229368215,1.1454555071691936,-0.758969842528113,1.8656865844034758,1.1222208091415118,-0.9874173427234576,114.9,2,Normal
-0.21258263580791303,0.40877849851812614,-0.404522371205896,-1.0762137677242163,0.5646451142665413,-0.04434347398360131,0.1683669742292899,0.39772797392136233,1.1321834340317687,0.04103059338350869,131.5,3,Normal
0.10826447427312962,-1.7224509357249285,-0.25739668395944487,1.199427828427711,0.1016214457678882,-0.31356290602628417,1.4326899706754677,1.0929109174368767,0.8638055684607433,0.7547803128673548,115.7,1,Normal
-0.7485329636843675,-2.544189911862537,-0.10522970860014474,0.12732523989008634,-0.5902146003954418,0.2611148054986634,0.5681110384115649,0.88280472385284,0.0887690950402529,-0.03150554505508244,129.2,1,Normal
-0.5872356970307431,-0.5369107488783178,-1.5935270341713137,0.32744625718644577,0.7225437911842156,0.9792369731508705,-1.1707851955712032,-0.3799220978210645,-0.13506601661139833,0.43986163862015365,122.6,1,Normal
-0.46732787492585426,-1.2108455546515102,-0.12780654797920044,-0.7453394063180189,0.2816828937500682,-0.2810544207814892,-0.3355615413166747,-1.3356096040191117,-1.1344437561503289,0.5097333001290963,140.7,3,Suspect
0.28801749729503906,0.30931627453851435,2.7331470573663603,-0.9651742664107648,1.3269326039144844,-1.4945749985608103,-0.6290163601882102,1.1316831074871545,-1.252105447087924,-0.9865956229550169,115.0,4,Pathologic
1.6087902160242917,-0.37435356851539353,-1.3501779819831048,-2.177376113478448,0.3163823073296403,0.15794614332174164,0.8809947280332928,1.8524524595138887,-0.5939909240547055,1.258677328049505,116.3,2,Suspect
-1.2456940594404688,0.47012083576215524,1.575913650828583,0.2996850928010944,-0.1281329248129223,0.36458341529131105,-1.0580179271350232,-0.4222725481430797,0.20324890829817902,0.0915808616343176,118.4,0,Normal
0.23914599848984733,0.48320749849951794,1.0977235690049771,0.6272552258837532,-0.20351418812395858,0.17411367706700134,0.1807995570362432,1.191555105861286,0.37346755224000855,-0.04480459716454507,133.6,1,Pathologic
-0.2295445456798837,-1.0057499485127057,0.6974062278409887,-0.3618884282908171,0.14515200712047743,-0.49460593530872515,-0.34416398357202904,0.15040004139628876,-0.5150335209378938,-0.899551090154875,132.0,2,Normal
-0.16978158273356497,-0.3642671385140602,-0.47550776975396575,-1.58350425862891,0.3670036811654005,0.3344525906788025,-0.7787705701607774,-1.3797949605110251,-1.3036302772664035,-0.24190595437374812,126.9,2,Suspect
-0.4880037147567741,-0.5532835442475278,0.9824022964787938,-0.5561183092340449,-0.0020522261696319048,-0.23082648357806135,0.20661637904637298,0.04684694996495624,-0.6665675741009791,0.9367448596789172,136.2,2,Normal
1.1412454938813903,0.9330538697898731,1.9051970563721017,0.3731025872586824,-0.4407330561794593,-0.4371373491205947,-0.22226982076924867,-0.5683302136788357,-0.119284317645639,0.23973354433530783,107.2,3,Normal
-2.4258511269482175,-0.17568322420732185,1.16197804171245,0.18403127645594353,0.6266526947955934,-0.2857554195236916,0.7435701685012245,0.4427903023849442,-1.5616803598016058,0.707627002685122,127.4,5,Normal
-1.1356471585542736,1.2509700889648272,0.3354921055342344,0.6719648589952892,0.433064665384031,0.17303497372891347,-0.4887048448691819,0.3993852025819876,0.18295930949581102,-0.033966192210892775,129.6,1,Normal
1.090011245938612,1.306604949800896,0.10826330181591036,-1.617407312852572,0.018643609460305435,0.2808087138292644,-1.183351928269151,-0.6450542755521488,1.6120983125641655,0.0880364604160215,131.6,1,Suspect
1.1648334715150959,-0.1355561110781343,-0.5482096973725771,-0.40500311797361443,0.6684195737512909,-0.513682407020658,-0.2073541357178433,-1.3080110766212412,-0.8032700892698461,-1.641746894237526,130.5,0,Normal
1.7599506026672938,-0.5923647682740172,0.1994615030813182,-0.1001646342203716,-0.07636447385798399,0.1990471852490857,0.2500552791942777,-0.4581299790104932,2.1192828794630127,0.3913191446465476,132.3,0,Normal
0.30663449886387617,-0.8756472011253268,0.6405646235952727,0.6331486568599088,0.012162585978419134,0.3818416415470805,0.610396030339621,1.5497892197154561,-0.704565272903337,-0.19493895233505631,134.3,2,Normal
0.48220054419040675,0.7099461837041454,0.14038511765661296,-0.6033773383769653,0.6315352844003325,0.5574132071473965,-0.18630667166221254,-1.173807755003117,-0.22291580135150332,0.3173220460246317,149.3,3,Normal
-1.8630893699546152,-0.10035380119724263,0.022953918220167863,0.5349000754985023,0.800904166903642,0.481870488955283,0.8430364735871998,0.724612886463164,0.48323756042035193,-2.150842767850777,137.0,2,Normal
0.0029349902250108465,-0.7288659976649062,0.03665807643927397,-0.9493814650999637,0.6533365858283944,1.302684750931189,-1.3413119805173435,0.5985326468939043,-0.04630730967266571,2.5332893764742526,114.8,0,Normal
0.5595616385671794,0.8970821015299733,1.9363337455540743,0.2169958142392268,-0.7645708549878288,0.6861855369834304,0.9797327742922494,-0.5517287640131275,-1.6953175764310637,0.07351657733243909,138.2,4,Normal
-0.48791880596243176,0.9153995644029793,0.27923627176688476,-0.2932210162981558,0.37585604491767993,2.004172695605997,0.5690794509020398,-0.8429866141374357,0.2502861639795188,0.4617284337111617,128.4,3,Normal
-0.09220540944348024,-0.9484725450416233,0.3165264656000717,-0.3515005862433844,0.0435094052493149,1.0315294346210089,-0.44349737522635535,0.5939443569259183,0.0777481929606057,0.3872853583169604,124.1,1,Normal
1.2321865868315653,0.36154045237263177,-2.294669800312905,2.4131402212249173,0.39184197995354425,0.9997159242994647,1.0481744874743109,-0.028011260357209775,-0.26285654921716906,-0.316012447966236,115.4,3,Normal
1.4567550502684208,0.5887017263015707,1.069717959951184,-0.33288820787371215,1.8235711560975467,-1.2263056511533985,0.311222034466773,-0.5033956743225532,0.07168891814020412,0.42168744946289666,126.9,3,Normal
0.25030697258556134,1.701569029762425,0.6907464405617306,-0.42280676616738494,-0.21050675859271634,0.7563103439234709,1.2772880848796981,0.4716200540032406,0.44224633150199905,1.187181095718545,131.8,4,Normal
-0.05085323168284253,-0.1650253838182608,0.6434191661518496,-1.4246395305021529,0.02202475696767582,0.8510611624798018,-0.7769107192071878,1.6260221602433176,-0.8867653961455754,0.17830848859022133,137.4,0,Pathologic
0.7289220613187669,0.0001934371017704339,0.7109964489838642,0.9900974708251532,-0.5627072946861797,-0.044211615384823606,-0.6826383792853882,1.239662121531548,0.5358986765498233,0.8582937239987144,118.8,0,Normal
-0.3694283598799866,0.6610428728839607,-0.8456432919823982,-0.5436009628831315,-0.19175741552507927,-2.047735250066908,0.5497225374872192,0.12850202196370628,-0.6093123876536761,0.769037447921401,125.7,5,Suspect
1.0440544678303885,1.2689369691607504,-0.1869900267398439,-0.03203523988114991,-0.6773934165095541,-2.329224797972739,0.06729917223291818,-3.380243387088339,1.535331561756969,0.7064002451157041,124.9,2,Normal
-0.5248971653969767,0.4006190078417203,1.8653257641522698,-0.8442874049533684,-1.0729975312782598,-0.2795488561332455,-1.4397122898970596,-0.23880088605954847,1.040147416723517,1.8508848063651804,124.2,2,Normal
0.7500055060095508,0.22545571819452992,-1.2977077524220673,0.4157363179601969,-1.9556497918275408,-0.5379614241306991,1.8700958177117035,-1.003721905939452,-0.9965968817669498,0.35263994347967703,114.6,4,Normal
-0.019685886953091997,-0.5613109974277641,-1.2369247868562545,0.9323252679927371,-0.6953496545611714,-1.4914067768249584,1.7518332201106417,-0.20350934895554124,1.2299675084738289,-0.07683697363229423,119.2,1,Normal
-0.6191271840693993,-0.3236259849990301,-1.366034185166121,1.3086414160152455,-0.6264690309449913,0.38713372735404494,0.19144225351963134,-0.3492367401122957,0.4074377415084664,-0.04255050389105706,126.8,1,Normal
0.35918371658475534,-0.1489849032208815,-0.08127980207832206,-0.11660560561436575,-0.05881546495530975,-1.1334834078272649,-0.6869079879325569,-0.3158287849775012,0.5301858384176732,0.40859646398378724,136.1,4,Normal
-0.3922937096365763,0.7012538726195394,1.697888666935926,-0.5934439260492139,-0.5392589754375584,-1.6657926953030173,-0.6642599784956238,1.0764444284194519,-0.1814416378491263,-1.3522000422541174,127.5,3,Normal
0.994278059263992,0.4487562760375455,0.381064376683033,-0.6585649629605398,1.0324973226246774,2.063335583494045,0.38678440319125384,-0.22772254113737736,-0.3428290229661649,1.3994468742069628,117.9,4,Normal
-0.994319784723961,-0.689203394010178,1.1901771073897613,0.01765154586298127,0.22675217781172774,0.5046658228046129,1.436508703566121,-0.2712278577909377,-0.2704420499816884,-0.2438465186684161,127.3,1,Suspect
0.2246769676854043,0.8497675655335568,-1.8957692486324837,0.25363878863773076,0.7420438231007214,-0.4258744591944389,2.645232843846798,0.47659400492604687,-0.9530998588617902,-0.09200154767047025,117.5,1,Normal
-0.732085283600388,-0.16908533467196515,-0.7385150979061171,0.5442862363870684,0.9830413271714148,-1.4125585654698782,-0.30140348127002203,-1.0575064046681328,-1.8709927699572704,-1.3032093301258612,137.3,3,Suspect
1.2011375964840798,-0.15483695571841677,-0.5790114291888923,-0.846837086681735,1.3869704174373239,-0.8856468453343415,-0.3560051965081411,-0.33773789700788587,-0.6378698759231943,0.1094661087262083,144.8,4,Pathologic
0.7146768401641082,0.7680423422566139,1.7044656377699512,0.13440507242068672,0.9730045546000275,-0.6225255192991044,-0.16539430875998976,-1.3702567023902705,-0.6426844682773747,-1.3555301835815898,130.8,0,Pathologic
-0.04478803799903048,0.8927538963291575,0.24621086733190384,-1.0192627370958414,-0.8838074077652446,-0.5436350377743993,0.40858504344882196,0.6226892280075299,-1.0898699228026267,-1.6824812117260641,136.6,2,Normal
-0.015288331202857419,0.34589450151788786,0.053662972173772215,-0.12949630682159347,0.8592171825774932,-0.32265712303911365,-0.8546597605653643,0.2315362459431465,0.582040979001526,-0.7301618672758744,122.7,3,Normal
1.6844003788517388,1.8715612440970488,0.29850242157105633,1.3956189033786626,0.32035343584580395,-1.181005485882664,-1.3627384781784344,2.0686672073651042,0.24408002103733656,-0.24655423754005734,132.2,7,Pathologic
0.7591082888273085,-1.874773508018789,-0.13417256834917451,-0.2280208442190154,1.3465057127884004,-0.8734821561186045,-0.23290014436828052,-1.6336771973871034,-0.5924847773193122,-0.8576136247387885,129.2,2,Pathologic
-0.7557889523172512,0.9656505699966874,2.0925516582228854,-0.8845110285038212,0.025790923753714255,-1.7110671781435356,0.3099026435241447,0.9700919339585112,-0.3114717633233404,0.2858280812768592,139.5,2,Suspect
0.9347050351103596,-0.9993761561734131,2.052712159071018,0.3505085515387554,1.1445145010167754,-1.9799200677942972,1.7142583937319247,-1.7534401477965151,0.22309088779684572,1.2262251213845001,123.6,0,Normal
-0.5627459155624154,-0.016891440282693775,1.2238785556891412,0.8944620506750544,0.09988387886879618,-1.5355581585597828,-1.0793909242990896,-0.9958096170149657,-0.7268733363139357,0.218218712471425,128.7,2,Normal
0.1530000694904059,0.02450989156148257,1.1110698471401041,-0.7687979171003226,0.13974997210484202,-0.6097820438850124,1.129409762859106,-2.1456964185555853,-2.55426380806785,-2.216486894890925,118.5,2,Normal
-2.098236107146364,-0.04956299509243006,-0.407153461368368,-1.3550095261792219,0.6660260257116909,-0.30796727510536703,-0.1022011636834043,0.06902924274053993,1.1964272322890168,-0.018434815824399736,135.9,5,Normal
0.8149384289037267,-0.9025941392120891,0.5724392611223019,-0.811982478145275,-0.3145746561521782,0.4653167422240718,-0.24398326557321603,0.2726823989310175,-0.11460026673845992,0.5807567179683559,123.1,1,Normal
-0.6696735519731231,-1.349404197595797,-1.8995958581642802,-0.4396895315993136,0.5526659165197231,0.41523429672216833,-1.5518538669602788,-0.3221971296997104,0.2702460937454837,-0.3702500853002431,126.2,2,Normal
-0.20761268399713748,-1.9141265312685365,-0.3259740513009613,1.518139588917272,-1.5185185003336785,0.6237759052353518,0.3919149470832037,-2.185016756845824,0.1720292988803587,0.31552688343065977,120.5,5,Normal
-1.393124090661284,-0.1992568147562737,-1.4494215186766886,-1.4040380071565988,0.4835514630685214,-0.3049657809989144,0.2749251669188747,-0.5325244864434263,-1.44296898356059,0.26485865548885656,127.5,3,Normal
0.18038205068185267,0.14366976114051722,0.6044479012890479,-1.6941751747770102,-1.2718051016081389,0.6553728815223495,2.267764167076355,0.12920879114839667,-0.686972355205884,-1.0997380183476537,136.5,2,Normal
0.07046133703300153,0.6029778887579073,0.0025910370806845515,0.2719125486474247,0.5543341803140464,-2.143310784714677,-0.2580526841602088,-0.9145992193316841,-0.01333535087482529,1.2045233745515804,132.9,2,Normal
-1.2743820067100993,1.1700175902731067,0.8712970791061546,-0.7117909481141111,-3.120675157339498,0.6037594048941997,1.5535500942188998,-0.02823240106141473,-0.19917842199881375,-0.28952903874719343,142.1,2,Normal
0.032623562428394696,0.848934001444496,0.7589588872836353,-0.9914245166023979,-1.814622293128648,-0.039803277533491575,-0.3048025435573645,1.0807169101502168,-1.1344841646397348,-0.32885221643051127,122.8,4,Normal
-0.2651828954007817,0.9966541870800014,1.2288601224742635,0.6497158912129377,0.05286531764496167,0.961696846639441,-0.3417341244490929,-0.5738744708770047,0.34257544136030316,0.45200640111109003,129.5,2,Normal
1.2239441379951155,-0.9920113099788758,-0.6617326024693178,0.09118703504185188,0.07041004831842966,-2.679974562238536,-1.680431852891099,-1.0871040296164642,0.5692700329349792,-1.605075800564836,140.9,3,Normal
-0.7084852234185084,1.1128651054125234,-1.6931125284471547,1.0053345134681517,-0.25268154840868445,0.9120889101658418,1.1497779516201052,-0.08088675041464127,-0.3806841905778969,1.2659961539529112,120.0,0,Normal
0.47899086559929194,0.38290718149681585,2.046171045571937,0.734527714049786,0.7224130686610967,-1.6262467095893052,0.13776239738771145,1.8155560576078718,1.0024886468153935,-0.9823862077720777,141.4,3,Suspect
-1.4704378538699274,-1.290573200596248,-0.4392795178941664,-1.208200836700265,0.9325228624424511,1.1191799925193737,-0.004838204046008707,0.505081323690526,0.532887244290821,1.8092175925697027,144.7,1,Suspect
0.07999634116366187,1.0794947603316378,0.059045293456464636,-1.6792550374701185,2.5309068891163182,-0.8430734146971942,-0.2902029722099712,-1.5093623016770765,0.38655498934128846,1.1264790200887618,118.4,1,Suspect
0.35758203404451677,-0.87341470322204,1.1763527326569314,1.1191136473854153,0.04396248095863215,0.41543968520865404,0.23547732586734496,1.3559262721028087,-0.49945684762754256,-1.010418259658513,153.8,3,Normal
0.40741657287466554,-1.027294978854218,-0.18817634052592058,-0.12429421147743197,1.0344866741821495,-0.08618455385072146,-0.7111529596280018,-0.4141279626195428,-0.1697284105756831,0.3332829534347206,126.7,0,Suspect
-0.11879038218327337,1.5512132227152644,-1.0391065550247602,3.0147646003018282,-0.8286073403271871,1.0148460980111467,0.4497032154959477,-0.2337482000911609,0.8332749784524546,-0.9560063196712248,112.6,1,Normal
1.731769419425723,0.24790483375141656,2.221235271532514,0.9670034570351862,-0.5469041933667561,0.1511972837320511,-0.9545894169918524,-1.2888690726888654,-1.4493148953407538,-1.0934089679222456,118.5,4,Normal
-0.3605852584196229,-1.0342327903619641,-0.4439429602546179,1.3712355706584354,-0.8208954676442621,1.5703311575324999,-0.13392745627638586,0.14832990955252964,-1.384391165298356,-2.4978693990494727,127.9,0,Normal
0.4817335421713983,-0.5294049591798812,1.9534340151012322,-0.9443113843358361,-0.11011424640369617,-0.7200461732070006,0.4973815438892456,-1.9541514771409927,-0.40777825523517897,0.6342929971685444,125.4,4,Normal
-0.31482792862994474,1.0663672253775769,0.4760067216665802,-0.08379301763705413,0.2232270707838233,-1.034916827710848,1.4076137804628723,-1.1265818838516581,-0.020219764572893165,-0.4565075355324234,121.6,2,Suspect
-0.8379233508340038,-1.192463253484713,1.1161060514219256,0.8086827992501336,1.04189144493077,-0.6535640802843249,0.2098530504893516,0.6079472171753926,-0.09751067679709677,0.7850269633040008,117.1,0,Normal
-1.18764096195473,-0.13338135093941422,1.0968197781437756,-0.0841751356321448,0.34565047120201103,0.6333299925829005,1.29664608161217,0.1266835597403214,0.5220603355584944,0.2254972747367645,115.4,0,Normal
-0.9144095534644961,-0.13396149051840645,-0.30057046569055745,0.056012107828565055,1.33674429086197,0.6747734742601564,-0.012552181358076191,-0.7537810475528737,0.24157811703726442,-1.2173988492647658,146.0,5,Normal
0.6043123383278265,2.730626273665227,0.7124693358122307,0.24344773435217834,1.3531538377600263,-1.2871037745904197,-0.935105051854068,-0.19401683611709686,0.020873821262508713,0.8410342481510488,133.0,3,Normal
1.3270642698729522,-1.4495534558697831,2.0865533388092525,-0.7239475797377564,0.040337211877481655,-0.848048051528175,2.0815942996111954,0.6972122575352246,-0.3017756664228855,0.5192530760011479,139.5,3,Normal
0.6012714018326633,-1.408214634547517,1.4339807659725883,-0.8834712011510105,-0.10423583204754688,0.28840931803585207,-0.11555669166252648,0.3829009649294839,0.8167314727391856,-0.4795847018411749,120.1,1,Normal
-0.3350211782757276,-0.5590726253024944,1.2707865176270803,-0.18327559503862328,-1.524810177217441,1.2453860742504546,0.9467868779016833,0.662130182725217,1.200166030979174,0.9751325446961263,125.6,1,Normal
-0.6282912307914508,-0.6321222788507368,0.8032743646809707,-0.41453766523077346,-0.5428173579579956,-0.7023153906741955,-0.6207580704971309,-1.1880275753178466,-0.29609995941792566,-0.27046552166551285,119.4,1,Pathologic
0.16424920001906151,0.04285942781037028,0.015817659372527784,-0.8775280444655416,-0.8091583889809716,-1.4265340199770151,0.5207434133464728,-0.7075876616427124,0.38932049015860454,-0.786129103527776,124.5,1,Normal
-1.0413314099137059,-0.4636986481029357,-0.739156594031212,-0.12676528469577947,-0.7655509993021785,1.003163995775532,0.34452558633338043,1.9353880953466613,-0.25765980652381887,-0.19069570717917,140.2,2,Suspect
0.8837684525707271,0.8546869320794744,1.7117375909097392,-1.3059206095163605,-0.423782326209059,-1.7482176468398958,-0.00018756297731055172,-0.39667233145175956,-1.2096376297504565,-0.36969917479976805,125.2,4,Pathologic
0.36948800891218,0.09573794170682508,-0.4514332569439499,0.7624072117499188,0.526157712039181,0.5399451740485018,2.0290387616473144,-0.4595934015771205,-1.6671495364428874,-1.4839834999557047,128.5,1,Suspect
-0.9677511712966793,-0.957602383169347,-0.37004186752193635,0.5896299939897153,0.289998698045657,-2.1685760522819155,0.42875310649015297,0.12273561469204743,1.1759318463709356,-2.636516418744809,122.9,1,Normal
1.4913723886328583,-0.22967559126858103,0.13569719993255147,0.6836856455158777,0.988376028369144,-0.12038119662071743,-0.3710425946562351,0.22054586001337673,0.7996950528657407,1.646847132153361,137.3,3,Normal
-1.2061795617014643,-0.2619146761203156,-1.3463062288014094,-0.8386421056607651,0.3847347040330321,-0.35322551247016937,1.5740391131222968,-0.9974586132302758,0.4024157469900352,1.132281495828501,123.9,3,Suspect
0.051758641123507546,1.152280114033011,-0.25410212162113754,-0.9653423792010714,-0.5914239024686062,-0.7824598847463707,-1.8113013928976955,-2.489238635600422,0.998239998625017,1.4780964975573627,142.3,5,Normal
0.83377383594923,0.8741676219810071,-0.6363642147835309,1.3212770961261802,0.7569978330774594,1.4395165701827046,-1.4580699990723651,-0.32165752521532354,-0.8008691973244583,0.9019566962460556,126.1,2,Normal
0.7343302394774504,0.7228403398494547,-1.3178353211657985,-0.19568520951691024,-1.370822138175055,-0.08333368354620206,0.8800459722225776,-0.019296665579969095,0.8906583936509498,-0.4138717159142547,154.2,2,Suspect
-0.6249956142153104,-0.7175966527455575,-1.1373039786692354,0.5701184741550042,0.9771580028029413,-0.1682298143271571,0.22674820324691836,-1.7692328671858684,0.34847992432083436,-0.17599380826059557,142.0,2,Normal
-0.4122899490238498,0.3226847663274651,0.08327220921821127,-1.1524974439272584,-0.7657527111711517,-0.2568164209787401,-0.5464089572683875,0.26667005159241014,-0.4308799747179168,-0.6160232093574611,129.5,2,Suspect
-0.9557375021714656,-1.1417261032669892,1.1334529010625,-0.2858419989098224,-2.2957682767662275,-0.7680004614102717,0.39222999324584185,0.3355325943286302,-2.3043116632856906,0.5411317063717865,130.7,1,Normal
0.2187877511641211,0.6624410684616013,0.01805244079808689,1.1918045040902165,0.5445260755163217,1.8276526572614529,1.066379414237194,0.9726709748363179,-1.429900300508813,0.4729413119007011,143.7,2,Normal
0.8200887987911447,1.2262291329993984,-0.9853805336941674,0.1336554018552582,-0.30902402813013163,-0.37687127008542337,-1.0566954860951563,-1.0977691621654249,1.719680079766986,-0.3428574688536606,133.3,2,Normal
-1.9093548933956135,-2.0768572226175626,-0.5503725770043393,-0.24979285302313278,1.1747064052109366,1.8547705548830749,-0.08756125636667131,0.367375975640415,1.685350829533226,0.4381338816275391,136.0,2,Normal
0.5558708237571808,-0.07407072991976833,0.45061823321217204,0.5663709048423187,0.962766008985808,-0.8255674015047205,0.03849612060995433,0.5516747763748647,-1.4180199076623243,1.160114084483405,151.1,1,Suspect
-0.49193681521499877,-0.07511075955424544,1.2551997677852125,0.3160356184635101,-0.9861939607528124,0.018213316306972774,0.30625850814294453,1.4777472505140974,-1.996808136559325,-0.002885210907243981,132.1,0,Normal
-0.09298577433100601,0.9219828858993462,1.0675729336505855,2.084508370800709,1.5230454342613342,-0.4781958042638346,0.6442337229614724,0.8518237260251345,1.3029827910590888,-1.1637003483967499,109.0,4,Normal
-1.0648295944613502,-0.5745903553489362,0.3492759965491305,0.04087660383708833,-1.884360373331598,-0.8034927357315472,-1.9680065482071782,1.0561826297981973,-0.08099033280560274,0.4565167436965568,131.7,5,Normal
-0.6187904168036119,-0.5885643084509586,1.6245005249616413,0.647538312613536,0.464868180370819,-0.18899535064636852,0.536173788118931,0.15233785448125245,-0.7204228161472389,-1.2230368896317036,141.7,1,Suspect
1.9923222704874954,0.17873494772815834,-0.4203708610924374,-0.13483138739701817,1.4245937233807806,1.6647345428949623,-1.908604632008355,-0.4518094313919629,-1.2338698763144924,-0.8088574762505597,133.1,1,Suspect
-0.3383155905723851,0.62687637791264,-1.0664542277687454,-0.9887130474392164,-1.0156393194613393,1.2876142678694675,-0.03701512140546799,1.2697574489724506,-1.2419933078869227,0.2761858774060352,118.4,3,Normal
-0.010886839844084804,0.22532271192850106,-0.1765744132097275,0.4218012108783457,2.1119631473570983,0.024507431269751103,-1.0552518354076332,-1.2692168994438338,1.304562389071083,0.6186693095532848,129.1,2,Normal
-0.9148541352262421,0.9008489250625138,1.3706891377802932,-1.4663181264432115,0.16211084019682556,-1.366705547300893,0.19658721456855852,1.5255548420358591,0.24930638019799203,0.09532836324744,144.8,3,Normal
2.5828497402835384,0.7088023900468674,0.8093746980222342,0.9865777348984232,0.37273077897920287,0.32196940269119606,0.6656174889345177,0.791729291815564,-1.7923168679551509,-1.0129467569529123,115.8,0,Normal
0.46590304992801174,-0.4970932487211159,1.2002683116837745,-1.3166912383663636,1.1745031185205126,-0.5289811156876442,0.057183552558755915,-0.3362788669364386,-0.7020752351573959,2.785098586682215,112.8,4,Normal
-0.02150215880752565,0.044040653861337056,0.021395815670115587,-0.8854473348571373,0.41811889385337564,-0.9650913991147834,-0.6531734390400785,-1.5893445893204114,1.582604572604796,-0.521735066817042,121.6,0,Normal
0.9203647047808465,0.5701798184403515,0.25654488113174817,-0.9689077722301569,-1.3248802388134358,0.6386686685237585,-1.3159070281351277,-0.07034447406687595,0.30150601667513327,0.4549516561504986,141.5,2,Normal
0.354977628176592,-0.7710622779343022,-0.09943386284715351,0.6209002011128437,-3.2165240268376976,-1.280699702774151,-0.036975854215526155,-0.6350798649618936,-1.3969742249909616,-0.584173761310691,109.5,0,Normal
-0.17210589980384766,-0.6581629475489005,-0.7467456467594233,-1.11961884120009,-0.9759703974847231,0.10386603927704134,-0.40709933742156723,-1.5825641031569828,-0.6497140542325462,-0.9398502095382979,131.2,1,Normal
-0.12828769728104128,-1.437259604696637,0.1511663666441853,0.5094103144657713,-0.8873243578874499,0.4465425723037197,0.3364969715543472,-0.5715328359567363,-0.10952431411783543,0.051992693002203806,135.0,1,Normal
-1.5392333276825596,1.20237037791685,-0.10599550301547266,-0.6736985721234534,-0.9483996101506151,0.6589415308236923,-0.4306501824308465,0.9030517089180403,0.9494631910164284,-0.4422595301063069,130.0,1,Suspect
-0.3655553628901611,2.1904871983346137,-0.3656595823260486,-0.11704079160776457,-0.6325652625815708,-1.2826254571638995,1.4021355978933334,-0.00993207234999527,-0.09851504731568875,0.09525121705529202,115.2,5,Normal
-0.5053212163801175,-0.654109071248842,0.7236083657634552,-0.5367061006097296,-2.8476551571966384,1.671900151842654,0.046684635964652284,-0.24133754265326274,1.3772711100269088,-0.6559236533972436,131.3,1,Normal
0.32105589554964276,0.5989651428511819,0.24664953721343766,2.3270395179494683,-1.1917318597121358,0.26664590612961614,0.9194336598882458,-1.5682521683230326,0.2625241898542603,0.1346903041698293,119.1,3,Normal
-0.2117368733816712,1.2726439447039704,1.4699114936545419,-1.6638983294365035,0.5463042584756846,-0.026880176388029246,-0.49910375135854645,-0.18244055807180332,-2.2915543563789997,-0.7503151795547495,131.5,3,Suspect
0.6857946416773096,-1.143315931725831,-0.7477645733195601,0.4895870771318109,1.0421316336573265,-1.3528789220677713,0.735060430705123,1.5736946819845448,0.534847628493628,1.0764823601540825,121.1,1,Normal
0.09972305727812338,0.37273882761881827,-0.28798156328955765,-0.009586118390076065,-0.7286763146292294,-0.851523047619348,0.6239249975229445,0.03766576478906181,-0.18241465719648017,0.2979026942941835,133.3,0,Suspect
-0.8412362171635114,1.3526985001241103,-1.6517995021124028,-0.7797238991358258,0.6907076711414493,-0.3858893165202998,-0.680685028062607,-0.36151936648094907,-0.5055809850621975,-0.12539040961445677,129.5,2,Normal
1.4887464426639534,-0.23680969448929298,-0.872976262497595,0.3947951783144413,-2.5894080159534516,-0.05742501988794815,-1.4974726928773265,0.7477465617734632,0.3943433865229547,-0.016476093313509767,117.4,1,Normal
-0.3866160704917403,-0.05091223773215544,0.7476116928638055,-0.9604360891226906,0.2701182797864351,0.3141970210881201,1.2682596249101974,1.2654195498463043,-0.24871216544867714,-0.376972161673667,135.5,0,Normal
0.5542423654312278,1.4118090700590462,0.9321540267428208,-1.0737027480387227,1.1846960044327497,-0.3831164591065558,-0.41994043206791726,1.38046511699276,0.20122557055915236,0.119367436053551,128.5,2,Normal
-1.3110799206282266,-0.39194314052912854,0.8115919869596692,-1.1465645817489245,0.5156619230250259,1.4180699750231536,-0.6461017883500307,0.34438404612022794,-0.523377030845473,1.4976203104478012,133.2,1,Normal
0.7701397748118203,-0.5417493643783002,1.4167745804918033,0.0823897527331595,-0.026515626258901286,-0.40881050014385906,-0.300323706802997,-1.641997948578967,-0.5630078541370734,-0.571269500927883,132.0,2,Pathologic
-1.6359299791968072,-0.15135774349368974,0.663223227156505,-0.5995552144578491,-2.550395822984715,0.16338313150132902,-0.9467116544952594,0.9920307597112236,1.107195990619062,0.16040882881806406,140.0,1,Normal
1.937093420220831,1.8558818979936842,0.18454298625710813,-0.8668412423760644,1.8904441506094427,1.1067890954354953,0.6300107196135626,-0.39247260150335467,0.11417446164560359,-0.7675504369703138,135.8,1,Suspect
0.6847188361299799,0.8347258383246228,0.7910353354237962,0.3429977013916953,1.9409559326739567,-0.5793553721742613,-0.008964777501105083,-0.5265002978778852,0.40953918854698285,-2.481907990018375,134.0,1,Pathologic
-0.21752131914897122,0.5772529550500142,-0.6346303752090956,1.078295052060171,0.7008996454431886,-1.3971297221881636,0.052345209208151465,-0.9739975627556717,-0.5777386194340487,0.6128936636033697,111.0,2,Normal
0.5713916330602681,0.5667627757336015,-1.5171555455724444,-1.4188194376872607,1.3318772386620183,-0.44472811622253255,1.1384079210033962,0.5423433241736908,1.0641238636150094,1.0783855401174351,125.6,3,Pathologic
-1.2673875241249521,-1.0744625251208215,-0.26631273994128046,0.3309177715842589,0.002073885120415451,0.8823715049030973,0.09975523546936926,0.9570312027055969,0.20587986592548282,0.435614296108475,103.6,4,Suspect
-0.20229331659354263,0.6069029239070965,-0.1473529056475106,0.5237647018110418,0.7613329887863783,0.03834829712066103,1.5755684659360043,-0.6677319554359561,-0.3378259983991247,2.334674889125901,115.0,1,Suspect
0.7449504228196123,-0.376044668597364,0.23931695273417,1.2737189070528367,0.8392074569931784,0.6461277901525143,-0.019804375895563,0.6428143719848272,1.2666216789546558,-0.3597396364703417,140.4,3,Normal
0.5730480085448533,-0.1400851456990183,-0.6697242578717796,-0.2894454986674796,-0.06342365320556087,-1.342639560245025,-1.5058861928813831,1.0992733683591183,-0.338213533949436,-0.8955191625288498,124.2,0,Normal
-0.007744007986567064,-0.19132115146511858,-0.4728113553089572,1.5447655528005024,-0.8267996251220441,-1.6437933336154917,-0.8865785559473157,0.36604390053555935,0.18065132130367803,1.1839351795596635,140.2,3,Normal
0.315561898880229,1.001100586811768,0.917737458107128,0.5837454973218399,0.8750480098001447,0.5505693589855302,-0.7273001079781888,0.000554855028397028,-1.202534466699086,1.246028630012998,120.9,1,Normal
1.0806633723188424,1.8910726301150056,-1.0883376418875188,-1.879073537273939,1.8786982976948294,0.32060715364304737,0.11278084628699905,-0.15237872597950192,-0.6256183199544743,1.0981491300354629,127.4,1,Suspect
0.7230186576139473,-0.8503722601363473,0.03415946551089744,0.30029975351542587,1.241940584745749,-0.9443119715598012,1.5220849059326318,-0.6562135204036328,0.7766011343589284,-1.080770333227261,130.2,4,Pathologic
-1.878589769298245,1.1359824027896568,-0.48714261527199476,-0.01748818624298198,0.34085633039057,-1.174979238193095,0.1886391349937808,0.7611383507830987,-0.05050527170726291,-0.6988356357055308,144.2,2,Pathologic
-0.007764514833433368,-0.08051385185738591,-1.5552838284827393,0.9840557891321059,0.2638181269209584,-0.1936274638202838,-0.22856333670514076,1.1394699003025832,0.09216638804467474,-1.642626181642486,138.8,1,Normal
0.018662584937541693,0.8617249436053616,-0.27344022463973344,1.1797969497959482,0.3212996317507446,-0.07373569246315947,-0.3032114352370983,0.131581567337545,-0.08985703726538387,1.973021181937385,123.8,2,Normal
-1.250492925225808,0.40401151761407916,-0.7623910976441952,-0.9716128500063901,-2.2849918357154504,-1.2479919839230176,0.5454453551228877,-0.44479013572902626,-0.04891516856660885,-0.9202137450696855,123.9,0,Normal
-1.0557992012686463,-0.5096441347707175,-0.284788304724189,0.9062686037181908,-0.10641656464262642,-0.09791851823460528,0.4154840969591897,0.4917839050514129,-0.5402807805326695,-1.2065345937841756,130.7,0,Normal
1.4972504837302372,-0.5247822633223856,0.21554455196867534,-0.12918279916760878,-0.2159247727346145,-1.4787799504630956,0.7977009857729626,-0.9030910417172553,-0.47069917435739334,-0.1042301756838588,152.7,2,Normal
-0.7259989429380268,-0.10697914684592737,-2.03948080363942,-0.7091565288965334,-1.207329320259564,-0.6649604735599408,-0.7036889395086294,1.2574704143718172,-0.29399518005497566,0.11735391816048928,129.7,0,Normal
-0.42342830793917247,0.46692845377018805,1.167477838397362,1.4489056184847926,1.0543006362839862,-1.342374746432888,2.250819376379958,1.1413677131663804,-0.2900199970408885,0.6662418814421103,120.7,1,Normal
-0.7996987262898176,0.6054207918982449,3.1417809744840413,-0.47602682861045875,0.28186333487955273,-0.1365882400911775,-0.34450984300571225,0.4969624205342158,0.46228951787669653,-0.1302655967815697,121.2,1,Normal
0.4132990611826828,3.0799995068516024,-0.8080323770371366,0.03217252366354831,-2.617015274094214,-0.6674208117762969,-0.6353480439764568,-0.42819799947607073,0.4290415364290649,-0.67935817082807,127.1,5,Normal
0.2793570090636475,0.6567883560849896,-0.4534079190307866,-0.07469501660780725,0.23485118607843994,1.3224107979035935,1.1946442403258708,-0.19156003842550257,1.3176652027082385,-0.39573786679684747,132.2,7,Normal
1.9384416676709428,-1.1847616198785902,-0.685408069195328,0.5147297056353124,1.2764276017924427,0.27768078680951513,0.9025323066045551,-1.7401508492451117,0.6925948424096133,-0.6035388463257787,119.9,3,Normal
-0.5365259007177726,1.3718749948859337,-0.9472289954939209,1.3196185631470962,-0.5957891243905862,-1.339588498311937,-0.6438551915509008,-0.7660375804119639,-0.8860229466662326,1.393582283043657,138.5,1,Normal
0.5235903713731316,0.7109087053815604,2.1277288973175996,1.6094545928087143,-1.0247666992684465,0.8839171738009984,0.6778422606546916,0.7348411569489928,-0.6698654780394464,-0.006325083018856385,122.5,5,Normal
-1.886828768722078,-0.04721348010780219,-0.17601812319063384,0.9048313723539555,-1.2891048568021102,-0.22494695515583016,-0.42601943088108735,-0.7731950996677766,0.9305120657670756,0.634786888578889,142.0,3,Pathologic
-1.418236529888381,-0.992324805648072,0.8302238652711833,-1.6896900096353427,0.09980587375750506,0.7286708335836751,0.4189052683306611,2.387040495006356,0.6601007007623977,-0.2092645069197477,131.6,3,Normal
1.3315106397361545,-0.1625119234209918,1.3119451492600487,1.4573739642919599,-0.726108096516126,-1.3209964655100879,0.23466315027392778,-0.4964490300694794,1.0391433842099649,-1.8268387075750199,125.7,0,Normal
1.1050809160578574,1.2873580039673018,1.181037312043433,0.6007522062790552,-1.4705396715984862,0.5734713901299996,2.545752151240527,-0.9277042387497131,-0.004008349462678159,1.642976270944572,100.9,1,Suspect
0.4438927228059745,0.615432381476649,1.2563834059990264,1.0973402396104208,1.6201052583138527,2.0223885004554356,1.3903370483277413,0.3371075842216376,-0.25981603082534777,0.5804566847345891,125.5,3,Normal
1.1265477852480945,1.4739707337699766,-1.1809921905249223,-0.3013177178326862,0.20385237708009904,0.5565748275618828,1.0666104194591157,0.38192331799637425,0.34249877830312736,0.38782693736791723,129.2,3,Pathologic
-1.0756751514507803,1.4209073648695305,1.0481240346252008,-0.012433182739771112,-0.5241392093614362,-0.6202427438575944,0.765560997630513,1.3652390786581674,-1.3741649221727525,-2.1203857294434196,129.7,1,Normal
1.6526569970978122,0.3227267484361536,-0.25128088336394405,0.949842858235476,1.6737494449571153,1.122669749211676,-1.2533349353544723,-0.256250206470065,-0.19770938505879845,-0.13909902689700662,135.1,1,Suspect
-1.0348570740862724,-3.0326806914944,1.7785079987592274,2.0115509112097976,0.2743061309632427,-0.7109679674458173,0.18502101445458227,-0.888432255099052,1.9592262030212086,1.5424136001578903,125.3,1,Normal
0.3241661775938369,-0.7860725992921181,-0.7477709511766245,0.19360964206992842,-0.13478902283570704,0.4561450729357141,-0.438896316271308,-0.5831076511596873,-0.33007077320607087,1.2956582876664002,135.2,3,Pathologic
2.771911940506161,-1.4253819788204893,-1.0599235036716144,-1.2480461802715535,0.2180007943103235,2.2198388908137177,-0.051300694844115785,1.2032832643754843,-0.015582599647746193,-0.21765503869468167,120.1,1,Normal
-0.8820383662711451,1.5335886860230383,0.08163168293519324,0.5967519927681537,-0.5286301571102267,-0.6050353331219378,0.08597024521996884,1.641061247473387,-0.20316033612769283,1.21936225309787,139.3,4,Suspect
1.3484525321372525,0.6301921192708803,0.7235175433424024,-0.18646956700975012,-0.13960400357388822,0.48583328578470986,-1.7148281568515993,-0.5963830036915752,1.5028038815312574,1.5702377801725624,139.4,3,Normal
0.966383876582391,-0.10098879260460615,-1.713178401620223,-1.0557794019386917,0.5840832647899732,1.979517829046168,-0.28386757468775287,-0.1499085096841433,-1.1846402116392183,-0.15452928451002226,132.6,1,Normal
-0.5336306803378293,-0.4062790781263667,-0.3297049133548725,-0.13193540815746135,1.6813190731985868,0.9583634957474668,0.1270602796528179,1.3829842565856558,0.6746154408173831,1.3180208811295833,137.1,4,Normal
2.090030572985868,1.1983550584790066,-1.0211319888343475,0.4770945635934372,-0.5491317533327104,0.687854308285528,0.9253766285302859,0.7353573415790671,-0.39969730023088323,1.2731050920582594,126.4,2,Normal
-0.9116610575857456,-0.784777140020693,0.999084748528024,1.0527719794922512,0.6279149167368371,-1.9900074073903908,-0.7836354970181453,-0.5885116245702897,-0.6498941952613925,0.838836330603591,127.7,1,Normal
-0.03662753272249312,-1.1770086083247548,-0.49043971294562116,-0.4829952372634129,-1.474903634898079,-0.9883233275918838,-0.7903419765954824,-1.18696958252929,-1.6759595665919105,0.9357020771077162,127.1,0,Normal
0.6415356954325598,-1.263088704862071,1.201453780645582,-0.440125158898561,0.5058670675645947,0.8414817699960918,-0.8566900102492336,-0.676601066034872,1.714464269249916,-0.8731935784472865,142.4,1,Normal
-0.09557018686836177,0.22065686334317175,-0.6413173000798053,-0.10165518196712718,1.803698633748296,-0.3352270403660013,-0.3181436065723226,0.823061993931666,0.7234761752278904,0.7848986827442009,131.5,2,Suspect
3.1084859446223505,-0.7025255842643744,0.3789109643410683,1.7560271013029727,0.02355704636922496,-0.5198237145757669,-1.1276740559620977,-1.5193702209907756,-1.3268420468575142,-0.12555896655638038,121.8,0,Normal
-1.2581209367593138,1.1092787815408045,-1.305925177404091,1.3421868643087709,-0.5774189903067309,1.1511510237193037,1.3268818341932167,0.1763166615116254,-1.2591859154579388,-0.9041861730906282,128.9,3,Suspect
1.617930343240879,0.09474937397017665,-0.03424512264011571,0.5645519709351221,-0.5315623443187233,0.6361248607713734,0.7759089991430053,-0.3926695246152306,-0.6457471147007593,1.5206433326394502,124.7,2,Normal
-2.2623373141412517,-1.2970193798648535,-1.020713282896645,0.5268826103927644,0.4839621025193324,-0.8474009395607137,2.7150581732875256,-0.758990786736899,0.4992940063633725,-0.11784213450569203,131.2,4,Suspect
-2.8910572434792523,-0.1471063323057763,1.602859075570601,-0.31491437858507426,0.06016358586854081,0.7360888772804584,-0.5314155706553166,-0.5138586820132082,-0.12831298218019885,0.2344882157437919,127.8,1,Normal
0.05292982063242062,-0.8868925276836039,1.148412772095305,0.7722050412555694,-0.4045733987798718,-0.9875755502999637,0.8604823609013943,0.8481019371159054,-0.9131660550659216,0.14091927495643505,115.9,1,Normal
0.7370565667767757,-0.04150338343876651,0.2910035840012355,-0.9937300921855098,0.653448860034321,-1.6168010326702995,-1.2135042419022632,0.505573787420929,-0.08076629285130014,-1.5565502618975926,118.7,4,Normal
1.490080674820463,1.1707662451069358,1.0984866786572642,0.4791663472310774,-0.877806405448544,0.2885564189747418,1.4695442916274066,1.008022690029697,1.2679009534100925,-0.29565255377220606,125.8,2,Normal
1.6083603611903008,-0.07700349138726167,-0.42544301146209523,-2.031929845542761,0.8650506708536643,-1.2694988467586366,-0.21456460610016315,-0.8404588598138023,0.5950152015311315,0.7736313434747065,143.3,6,Normal
0.1999839583543497,-0.5927819245902457,0.6861429507173072,-1.6404490607774915,-0.31500869278251925,-1.286656756700847,-0.08425192223977801,-1.7056319217383793,-1.8064238861059503,0.014378273757007327,111.2,5,Normal
0.4983663493490409,0.5163060685715417,-0.004961902254385544,-1.9342084965546782,0.6588987646075611,-1.053082320450969,1.2754361872788935,0.15677135657064925,-1.0519967400571448,-0.35293630583715385,133.5,2,Normal
0.24297137011653483,-0.35621192038316424,0.5899890167793062,1.8818666912670747,0.8397499633551149,0.12967342184390157,1.2145780171761562,-0.040482869244244955,-0.13087766510807974,0.33351383867757795,145.6,1,Normal
1.5259424633597949,0.6040052250821937,0.19781499630211186,-0.1582510411987455,-1.9424695271128063,0.7494457428697445,-0.9799644651521731,-0.5175132543473808,0.13398554715746433,1.0740831416891419,139.7,5,Normal
-1.235429711043926,0.3961270491207855,0.01871222603761266,-1.3525625799337682,-0.0708346525625048,-0.3308608822130098,-0.10601227791247879,-2.0071265256909214,1.3089966666529593,-1.634352165476437,129.7,3,Normal
-0.6647810645676229,-0.9864719736971493,-1.7352290876859224,2.4373791142301453,-1.5290063599166126,-1.2431795112543882,1.4249288953064805,0.8342854194575672,-0.010116227631950121,-0.10466016216341636,127.7,1,Suspect
0.8561546526914949,-1.2464524609822536,-0.5707982545586641,-0.7751262505842254,-1.7309647587002577,-1.1660848845096798,-0.3679175407374599,-2.9783704927704258,0.5392095476701355,0.019270392877621792,136.4,0,Suspect
1.0527797280752997,-0.3047704936646701,1.8896343385427725,0.5259565323105686,-0.23457108051270056,-1.5939845875462384,0.305937555354859,0.6838629752270234,-2.187192060285362,1.7694382419543684,145.1,5,Pathologic
1.3457848052130317,0.4749946386965296,-0.040165449144941426,-0.7833162070439545,0.3071267494358231,0.6758124282660128,0.5380546769912874,0.638332665121865,-0.39754305558901504,1.2064222810608989,137.2,2,Normal
-0.07051617208141378,1.793786209909317,-0.6379582590835947,0.7938090088007337,-1.5448453586446211,-0.9443674422004574,1.4089473879307284,0.5758654194703354,0.6988761888527899,-1.3805236052132397,131.9,3,Normal
-0.49811123042683286,-1.0704867165419507,0.12512056431411606,-0.014926548576427336,0.2713276885605914,0.18376489825043738,0.6677833035975085,-0.09413442399320135,1.8884987467389365,1.3398181771006856,142.1,3,Pathologic
0.7038024111899157,-0.9492985616897509,-1.4461971738333343,-0.7468191179086838,-0.8743521871574272,-1.8495903810542276,-0.24348052435961556,-2.3026396717712516,-1.3396438656092913,-0.1507578455662327,131.8,0,Normal
-1.0967759839191176,1.0302065160958283,-0.39555365423457767,-1.335697793828794,0.06790315680996457,1.2266955951057685,-1.9634054837020356,-1.6343880861604927,-0.17163545187124304,-1.6094500600989587,130.9,0,Pathologic
1.6662720436421505,0.2427533388447636,0.26504032087254487,-0.7093332909960864,2.529468832759956,-0.05714716779710352,0.7035441734313701,-0.8642457309817309,-1.7616244904141345,-1.3432476950112555,136.3,4,Normal
-0.5029223759509579,-0.13135189802457134,0.572282460923775,-1.0050343277656575,-0.31735199218335286,-1.6139556797046182,0.17235582672627633,1.8196354923321134,-0.20386605348153342,1.3652917692347564,123.6,3,Suspect
-0.2766888985966112,0.7190929775828463,0.4251841974245107,-1.7615044012910885,-1.1383828508253673,-0.6502925750103606,1.7758672244393787,0.9260947958944518,1.0416808216629592,0.45454151334102855,159.9,3,Suspect
0.7512904301102591,1.2875820730731193,1.5924606181597785,0.7343695366490126,-0.01791183045708833,0.136798901597404,0.5757481734968715,-0.21120068723782626,0.9231283785148817,-0.9830383149497155,131.6,1,Normal
-0.7262998147364964,1.0837181402890563,-0.5942601881614543,1.1162228628630133,-0.19012580795970185,-0.9313583352152818,-0.5666413228120292,-0.6430161692574894,-0.04876631065987592,1.582945007857966,128.2,2,Normal
-1.1493029874050658,-0.6566772212762382,-1.4236127333784823,-0.6807468235100534,-0.3455680731994246,0.3171282331063406,-1.2463124976643185,0.10294657470018855,-0.25842133056387234,0.7098443337758582,138.4,2,Suspect
1.1527662659162283,0.48466431975244095,-0.2805625754780974,-2.082603257080567,0.03427095621386532,1.2318782273723432,-0.1724942601459798,0.8169023572804015,2.600812539293674,-0.2560541347080846,141.0,0,Normal
-1.0430707106675303,1.1764707645660561,-0.486475190861153,0.3630479336915842,-0.1848345494357889,0.8674825690497615,0.36278271428941555,0.2709858154988494,-0.21785183145877918,0.29899881320831545,123.2,4,Suspect
0.25983044812858896,-0.24374043941081602,0.2641476765199996,0.15524269770203364,-1.2376579997003259,-0.07181962960761722,0.10470809013119847,-1.420504911646549,-0.5509306091805476,-0.876907924479549,112.9,2,Normal
0.021518509751137706,0.4195129306524983,-0.21078134534110335,-1.000413532543827,0.8243837836855619,1.3810615577069152,-1.2621221584174733,1.4055522613199314,-0.5638298074549278,1.9991198501510492,126.7,2,Normal
-1.899384117145649,-0.5403769288314155,0.2208528801521613,-0.059229400313143145,1.3135119617453814,0.1473127845713922,-2.7868229294824554,0.4517286358083109,-1.4687733854852583,-1.1862562921237474,132.8,3,Normal
-1.0467382597362396,-0.906673291301662,0.18024075596570996,-2.7576070083303184,-0.37212559372084575,-0.17482057354372246,-0.9569793645381682,-0.535571576390779,0.4380718605730466,-1.2883701038992987,122.6,3,Normal
0.3546412873050538,0.4614162374261091,0.9622551300388305,0.008266863606789236,0.35067323107764165,-0.1484188709759495,-2.439259846281761,0.32330085894294935,0.6476991144743264,0.19468002468991907,129.7,1,Pathologic
1.2329905769223428,0.9711003549855908,0.06308956186265838,-0.153012577133022,-2.0455581183964973,0.039042278131922126,-0.9815778118475244,1.1847879139587878,0.6125205062706957,2.8807832910369795,128.7,2,Suspect
-0.7621478962184454,0.8120577393697515,0.2811782973182742,1.3294140933606677,-0.01834195609002494,0.3858050310339497,0.24148867269572388,0.35604334928,0.7734561164928032,-1.4057601439658258,113.6,4,Normal
-0.8859672291558052,-1.2878173796208292,1.8576169259254411,0.25388534421630626,1.9234413116302735,-0.94389615708688,1.446100549406227,0.4119768898876125,-0.5971266389617661,0.8152618976149412,136.6,4,Normal
0.6313623711594039,1.3637182004885517,-1.5613253653881947,0.09086518036067782,0.7999966473618041,1.0836373683439326,-2.447623758604935,1.5041076023762172,-0.1658992378983889,0.06978893181222473,139.0,2,Normal
0.8018411775793277,0.6335395012476683,0.2585497404263581,1.964133382566805,0.15403792767194974,1.2476925769487026,-1.0252684631310724,-0.6526869955056669,1.15040431156301,0.39942901351841587,132.0,1,Normal
0.9340217438916519,1.1811038112657242,-0.04008312255866823,-0.7936282449035554,-0.04425285482476905,2.42158565340129,0.39531774395104863,-0.9853721613572491,-0.47158499002754445,1.1420599170006815,133.9,3,Normal
0.22078736544783972,-0.8740512363154589,0.12323771611548102,-1.4959376873594377,-0.29895886687071654,-1.7656770976995517,-0.45055214121580767,-0.46951414344660747,-0.5633227898999636,-0.6854328825406667,123.5,0,Normal
-0.5304767395548831,0.8988641871886581,0.655359581497689,0.9129516030545377,0.41976355844273744,-0.014878876489950793,0.1626264565856894,0.8424906440195701,0.9933913893445847,-0.257663201290645,128.8,4,Suspect
0.7836958279670267,0.6986556149757911,-0.758750986694714,1.0453313609852584,1.0284399767512793,-0.8503087590361277,0.37722120123716596,0.9581122874110937,-0.797562724202397,-0.6893478633000673,136.7,2,Pathologic
-0.08390545203772526,-1.204775891800587,-0.4955234428713466,1.0691853882742866,-0.5016353977591423,0.6001947561211852,-0.4118125181558246,0.1614943299640166,-1.145866332192059,1.4016645091493813,116.3,5,Normal
0.6710031052686903,0.5027488648863828,0.8091083564546288,-0.23291420355044753,0.7511231680913592,1.1753150923721394,1.2046916216495753,-0.8470579956200595,-1.0512263627574985,1.2722470943780697,119.8,3,Normal
-0.5187859885061281,-0.9679850294390484,-0.08083772381894762,-0.711119564079707,-0.8085464836861264,-0.006337375292092187,2.4289783917394474,1.7801474898251066,2.7009443119934993,-1.1240586243524537,115.7,0,Normal
-0.20993687535064492,0.07918940481783027,-0.8848718085136763,-1.2431075172700592,-0.43714033652579626,-0.3510338474762619,-1.067198123144801,-1.1613031792896151,1.005222201880486,0.38095105552983966,146.8,2,Suspect
0.5354006945323017,2.382358925650435,0.861258225865353,-0.8873842415152188,-1.1115254665135,-0.5244465958196571,0.9269266231432103,-0.4580822574318185,0.620341508101776,1.0487221311044372,127.2,5,Pathologic
-2.0571017414503103,0.3543346521838947,0.7073935750287456,-1.5049929580689692,0.16027727166408642,-0.23246046983966642,2.107826737501683,-0.7042775795943866,-0.9400861497114379,-1.5902374385227696,144.4,2,Normal
1.3387304417102603,-0.04886228231495341,0.2309038387907942,-0.439814507859139,0.08347686951883725,0.3376715777614465,1.4471544412423702,1.061210093694315,0.4976039337945696,1.3881490463215922,129.3,2,Normal
-0.050378838811734564,-1.4192607933227452,0.4819018785575433,1.6592282975060155,0.39652826722288614,0.3312436950475671,-0.6890541394509363,-0.1771160933153055,1.6935221644249892,-0.06513833876340475,147.9,4,Suspect
-2.818241838636044,0.35522160519751633,0.6346032551316442,-0.544755191054557,0.3085588479405704,1.4593641156585275,-0.32817025830139834,1.6452767003955535,0.36043935568107466,-0.453459381708231,142.3,0,Normal
0.16899575829868974,-0.08614325686196851,-0.022268636588680498,0.1284115078098117,0.723155853972493,-0.19541427769364206,-1.7325747344426043,0.8007594331653843,-1.1064235743410544,1.3967540536565821,123.2,1,Normal
-0.43328722025462435,-1.9445540738087714,0.3770696911398716,0.5471581918077691,2.0848879314898388,0.8802655517107101,-0.5699620308081563,-0.9308531569495296,0.5338357196079178,1.130822168897884,131.1,2,Suspect
-1.0423190760693668,-1.0250475520162052,-1.1247502615953309,-0.36097915571011785,0.7329528013598694,-0.9176603532104477,-0.5396647180562255,-0.3168244402057043,-0.16055748088471242,-1.3686421739356258,120.0,2,Normal
1.9577839829498451,0.9563544083898916,-0.13999124295750254,-0.3687312769259689,-1.9732240340098235,-1.2927437741177479,0.4575249568307848,-0.5339009066062325,0.13680639071511966,0.7210395858870043,136.6,1,Pathologic
0.8370012405577036,1.3575233805944158,1.0312726442231879,1.2858989531105154,-0.2479311258649965,0.982848965077406,-1.1362283601409342,1.383903410315326,-0.9661407014976731,0.6807130677841656,140.8,0,Normal
-0.15795249085785393,0.14014152400513893,2.2644044739232836,0.18642261717080996,-0.03524012749305863,0.39293974323697706,0.07218929251073546,0.8461218808491648,-0.7620716671141383,-2.180426704176835,148.8,4,Normal
0.05446120715808685,1.0776698012351982,0.18986282653529385,1.1292375272122719,-1.584622442520806,-0.5401794083588293,0.20831962127913695,-1.5861817739394335,-0.4729567190146896,0.5611774961145338,143.8,2,Pathologic
0.2670832908864384,0.1005386238208604,-0.8372852805753975,2.387809559426261,0.8300595598323361,-0.9317243466441468,-0.46586399174451115,0.5250746893771803,-0.7780519209746227,-0.4121434904845238,134.3,1,Normal
-1.628369255795537,-0.6889697080580054,-0.2879861763338606,-0.8699011982688063,1.78858493222282,-0.48586020124298157,0.8383466495496489,-0.06280901390724189,-0.059063109162250355,1.1289753171997854,133.5,0,Normal
2.6288144789430863,2.268277692603293,-1.3849016174736548,-0.15559662632219992,-0.8666048671745504,0.20805802122006825,-0.45203090974852667,-1.2753071009911658,-0.683855491762364,-0.8552990907008032,127.5,3,Normal
0.044480272486906294,-1.344713921535475,0.737824544904209,-0.16702249849118012,1.263158270522124,0.1480328885095463,0.32546774365263903,-0.8268295352486159,1.6367784255577715,0.12264490464478797,148.2,0,Normal
1.808472758014816,0.49069429832171346,0.11250928472860007,-0.49556984153272327,1.0732823420574324,-1.4547785795892314,-1.29903309982175,-0.216004649642898,0.4916337877648796,-0.5353675785041984,121.4,1,Normal
-0.8480756503506203,-0.5833111992602966,-0.8889944199673946,-0.43151857391313975,0.2742391015694628,-1.2779556024616956,-0.7784860129450698,-2.2133725584369905,0.7581718409008377,-0.6357052645358853,119.6,1,Normal
0.5867561339499237,-0.1408664885625148,-0.12446670440805957,1.4029008610282676,0.8306355419986756,0.13042806578977542,0.960301461010258,0.22133009383288646,-0.13904437224904156,-2.188045079356717,119.0,2,Normal
-1.183527057829623,1.6564122959057153,0.7722681826347184,0.09924709732558845,-0.7645035080231848,0.5792449823023607,-1.6710121234596027,0.08495878879177819,-2.005242115289698,1.0654944563630697,140.7,1,Normal
-2.8817117319665737,0.11238849221405199,0.11740197063865154,2.489461412894763,1.1508753804526752,-0.7938063063027208,0.7526547200008108,-0.25418754428258244,0.8393451818559974,1.1606467982173347,139.6,1,Normal
0.9043546966557687,-0.2561571995954167,-0.6215333488642427,-0.4063241069018353,1.2660290805271905,-1.425164583919289,-0.32746131640181186,0.03609101267484324,-0.10959511657399384,0.07206370117537729,134.4,2,Normal
0.19495205391276554,-0.47865440219165944,1.0897110096063585,1.5060799064850199,0.47709179828777837,0.02909569911100905,-2.03189250530174,-0.225928851898939,0.4165262589619779,0.3706244478253048,133.1,2,Normal
-0.530260506887185,0.6295140004260584,0.41023091126963307,1.7589501339207083,0.3054741751710943,-2.2078852594922505,-0.4448042412463285,-1.1239631782037245,-0.07129225801056308,-0.7336627775496762,118.2,2,Normal
-3.375114994253133,-0.8793439597597736,-0.6982863989511866,-0.082962194553325,-0.7933319598448896,-0.39041504150758993,0.7341947243653243,-0.6405649864627718,-2.2266566075676746,1.074881430752824,132.7,0,Suspect
-0.4705589458603082,0.16192981435562007,0.09223622838518257,0.4472191899340036,0.9463484522429895,0.5936240492261627,2.3068781704956955,-0.7770290765920655,-0.43040343695901573,0.24651689733103335,142.3,1,Normal
0.27361214079620555,-0.06716163997802536,-2.0476479965846943,0.8828377485055879,0.014299511219960094,-0.24660870391211823,1.865655338402786,0.6298092569752117,-0.8263943795470813,0.0623634119569073,119.2,6,Normal
-1.0773048415143542,-0.7152725693278867,0.3268381597755457,-0.5569057822081314,-0.13646078702118805,-1.5678699043379205,-0.9304902212330626,-1.0654892326101626,0.20762280560568303,1.4713470866693443,117.8,3,Normal
0.1318730593646542,-1.3647304282917194,2.861916128797942,1.6637135872988114,0.9441654856698737,1.5060050502578854,0.7991329433611916,-0.5525922922498037,0.45822867911026816,-1.3011394050365372,133.1,1,Normal
-0.6347051220802419,0.10149946941592194,1.158053687037602,-0.8113499288724052,-0.28870097261424477,0.005669180208593471,-0.4478010906978155,0.02656681946647239,2.154685243346095,-1.9419600465955371,137.7,2,Normal
-1.2016972999906936,-0.3050361586080767,-0.1047913867130759,-0.5206588128316098,-0.7054787715436889,0.20826602768117738,-0.6114302161361589,-1.5241208632489252,0.4667322441842123,0.4446896374170359,138.2,2,Normal
-0.1423089314121966,0.291064115708203,0.31215837066796837,-0.5096569624173759,1.0877570003552475,0.8780479787075408,1.00596674754173,-0.45572805749599943,-0.560396637805525,-0.20874775486568423,142.1,1,Normal
-2.1698278476303177,-2.100863423155398,0.6072953572035443,0.22525396047646645,-1.5093106240696657,-0.1815926987948846,0.22716733534744857,0.022930996347661575,-0.4229346437025049,-1.1351265187803465,131.6,3,Pathologic
0.5014294210185682,-0.3918368213052717,0.6721564535855565,0.3278340547996715,0.7278911295899164,-0.2754869181762546,0.23096188806141613,0.15436011558177268,0.5156788919537378,0.17202724031450703,113.4,2,Normal
0.09835137735600331,0.9200107009137355,-0.05440421039457661,-0.6364078339574684,-1.2311044581906756,1.2269863489040365,-1.6774001997662855,0.3379641677449333,0.8448788204851952,0.36335337865856215,135.2,2,Normal
0.6049078972348275,-1.5820799084987311,-2.117985770268229,-0.1131539957528851,-1.8104186823465014,-0.8183309479476936,-0.9662901893580209,-0.773245693476591,-1.2457463591611961,0.8792496669510736,141.9,1,Normal
1.1285979027139805,1.9416479381381766,-0.28840445242398316,-1.114492400255424,0.6570845551695464,0.9146821413573526,-0.9006472829577848,-1.1049013601169118,-0.24732617783818683,-1.10295676879916,123.8,0,Normal
-0.25269903986309067,0.42972359628941986,-0.5371061035432119,1.16453819184185,0.3244299295378675,-1.1305115555582863,0.512679859026096,-0.47934810857691845,-0.1547768809965258,-0.40923817385827166,128.6,2,Normal
-2.687910349121714,-0.07537107407849046,-0.039524515547345165,0.6949986503470841,-0.6320873355790151,-0.7285323978163405,0.7318831602177697,0.18283538791098752,-1.615512157600498,0.2991256864233629,108.2,2,Normal
-0.25673304597702545,0.17375454463906248,-0.6898973073878509,-0.3472729702406941,-1.1557158625566168,0.2912610790959938,1.7354378824883265,-0.30174161649215125,0.720173776993091,1.108468896162485,127.2,2,Suspect
-1.1450391191846063,-0.7869537200646891,0.6664089659756919,-0.1922145602663949,0.33840510119834183,1.4283324586776034,-0.9410865342154369,-1.1279901955014688,0.22510727315744913,0.9099308037013883,146.0,1,Normal
1.432691515311692,1.484795318868448,2.0872816977712527,-0.6631305731406444,-0.46810099294345414,0.14741451591821006,1.7591901294163135,2.203666338618003,-0.1963993663485974,-0.4928813492377254,125.6,2,Normal
-0.3708139105855289,0.24402816847528835,1.0348307189456623,-0.9292756022010387,0.7909997243341403,-1.4001443139183618,-0.2602856043778806,-0.8014521092346807,0.2434457585149274,0.5192113950524287,119.4,1,Normal
0.8413402899467268,0.13147312387689675,-0.01007811021819138,-1.0808242209770318,-0.5759493457543977,0.7110696984756997,0.07902238815253201,-1.3372610351859862,0.6533375406036862,-0.5205983897822527,149.6,0,Normal
1.4610115621203534,1.0680428810784925,1.5733729825362777,-0.9258710480600983,-0.4251958547179541,-0.7942898063483428,-0.11688971852742767,-0.7047967082518816,1.9340137491083602,-0.4126817730454019,136.1,0,Suspect
-0.7477209101665226,0.45260687042579206,1.002040564607726,0.9585053839893979,1.108895351505235,0.6330480241481845,0.25343333793999023,0.8633193905150032,0.6548112182789546,-0.31171976502166543,134.8,2,Normal
0.07550354072603406,-0.6144774770155189,0.7875411698722119,1.0357567516526893,-1.0276804115770086,0.28748597003193677,0.6972312092242452,0.569481750167088,-1.1450211294719281,-0.6425407444545408,131.6,1,Normal
0.039235317778187465,0.031524810676855815,-0.514645090298998,-1.3694518838445375,-1.4556056409611644,-1.5011994661234915,1.0375532692096476,1.7842080911280256,2.820050885583609,0.7348812769190669,123.3,2,Normal
2.2062690328284926,0.6326989994883083,-0.08735790822991367,0.6986690803686084,-0.9348149795987729,0.3602518151023268,-0.24439248314793682,-1.0116507621779007,-1.1223709443405723,0.9308403739410072,127.4,4,Normal
1.2661176647354133,0.12362563328186424,0.6423860233695611,-1.2209775549954978,0.24186634556032485,-1.2348194837549622,0.08874291037495358,-0.30238213152814003,0.3897168819167142,-0.4003457414372174,146.6,5,Normal
-1.0642308642391003,-1.282245116854677,2.2141640922549937,0.7645272790739368,1.9113081110850638,1.3521076488570103,-0.9110976831695572,1.013017157776737,-0.20688787122971533,0.1738203086389721,123.1,0,Normal
-0.6106656813533525,1.464574711455146,1.4950806854289995,0.0840675371081558,0.15222383186390956,-1.572637945698076,0.6778238291000322,-1.0494435275979712,-0.11849386323429066,-0.38451253166045696,143.7,4,Normal
-0.4639060490088872,0.2246473315312562,0.6497947355960443,-0.5207990779928225,-0.8718076942422329,-0.15943390926076623,0.26603884852486587,1.1594844709898082,0.37918575270331323,-0.9372936958013157,133.5,0,Suspect
-0.8122696559280722,-0.3312532337068183,0.21826894821825288,0.44585884495413997,-0.8289470642084419,-0.9461499625202234,-0.7771869021277121,0.03467811271901038,0.45506302710198154,-1.0906767660934742,133.5,0,Suspect
-0.3164836558840033,0.714473751413689,0.8202595589408426,1.3486176923352036,0.4104328715144384,1.4108443535437794,-1.2434019200987663,-0.798558708205368,1.3803853526803431,1.748301778478209,113.3,1,Normal
-0.5299786955240186,-0.4306882624830297,0.592094348807214,-1.874705012656107,-1.7332031977464093,-1.548707456028348,0.1607952895322925,-1.71600762082649,-0.658242392601091,-0.7439118526998262,134.3,2,Normal
0.036333182499196974,-1.4687314193768213,1.5898837304362834,1.1379547464303903,-1.8816395353210786,2.330513673678952,1.3065225820047515,0.5222917067206472,0.39970697486517864,0.6351325792225618,129.4,0,Normal
-0.11521283193023257,0.05817452092973163,-1.036648723749851,-0.795342012968719,0.19628277086831705,-0.3612668573569523,1.586160291910825,1.4763310092215662,0.6077764186075021,0.39014963002332204,113.9,3,Normal
1.1537211334629245,0.731396888818705,0.09215779687283304,1.4236460214002675,0.8847128151948815,-0.564300811670108,-1.2935631031697965,0.340041659547642,2.353384048860756,-1.191192227294352,130.4,1,Suspect
-0.761770371944616,-0.20908511563071625,0.8169102081542166,0.8665673923360004,0.9098808748050817,0.772607889981203,0.9344793288020584,0.3965795049415608,0.49965851562966984,0.4240290415901942,125.7,1,Normal
-1.669163880825075,-0.1703809528017875,1.4837287186673362,-1.121326585769785,0.3462557021257754,-0.03425516262919413,0.7974975042639869,0.2636098081967747,-1.1502661684378441,0.29521884824303213,132.6,2,Suspect
-0.4932530215186773,-0.12548241833885768,2.0115254812754837,-0.5820541499435968,1.196965297371529,-0.8500659486517066,1.3848567567748746,0.9223141583214495,1.3744237697916724,-0.02409677124936739,121.5,0,Normal
-0.6132402186496974,-0.042754469867727594,-1.3982943548801439,0.4803831980306625,-0.18883851881447708,-0.7640579440722879,0.4755469873812815,1.2265148877633454,-0.44320483724885407,-0.43583598377804034,119.8,3,Normal
1.473306636526426,0.2066842033184626,-0.6579568167171301,0.9468900303088409,-0.37865715808456474,-0.49715268314198835,-0.33437238818895726,-2.8844947214056753,-0.8610538347331017,-0.002698580553657033,130.9,2,Normal
0.8453892990067146,0.8574582349395228,-0.009042672325756278,0.47610179269490494,-0.05149339031751251,-0.6930309761598282,0.7859162016314023,-0.3199231491066176,1.3265204664665986,0.4728954699562062,126.0,3,Normal
1.2978616564480339,0.7956863506518699,-1.1787941337610588,0.3900657837618752,0.29534584944149145,0.8103363220131813,-2.5768387043881655,-0.6183667733431734,0.13256256015831136,-0.8611353360089155,126.6,0,Normal
0.96257663877768,2.0916649857686958,1.7269747285763986,-0.6388066136624093,3.890842249501571,0.08601083495111382,-0.9915545002154089,0.1887271821096319,-0.199388773990464,1.4371315949506034,117.8,2,Normal
-1.9723098841034166,1.8029650597038174,0.18526213246099266,0.03380191665866195,-0.19685567421327888,0.46274669305893196,-0.8695151850682269,-0.3964269790930881,1.6859045539275106,0.6871503594946492,129.4,3,Suspect
-0.8525446178281868,-0.8021922637464813,1.2350075625561632,-0.07336637147241326,0.17915741640179364,-0.41868118017180117,-0.6726875139695708,0.4452296971630866,-0.5126413643565148,-2.4054604450879773,136.4,2,Normal
-1.4986143142622321,-0.16992706863113302,-0.11529577074678171,-1.501167441119645,1.7373750082783237,0.6443316433113551,-1.5200805414551852,0.33391033007845544,-0.519874558578511,-0.22415401625014963,132.7,3,Suspect
1.5671056712202867,0.7799575015037665,0.4701040380067776,0.33551291555569024,0.5543609929927313,-0.6938723192788706,-0.5643567805982801,-1.9160661164147146,0.49656231902930076,2.1295978743742054,126.3,4,Normal
0.8400158505467064,-1.7337429602101018,-1.3020163063793944,-0.3670069587532062,-1.6796646199071326,-0.9210611630574673,-0.5536343003609279,-2.1765707775003897,-2.2570233446078842,0.3575155700019493,113.6,4,Pathologic
0.3982976429715889,0.3721457492203163,-0.9971468789046499,1.3759171497316,1.7190489176037278,-0.5093153863891682,-0.2635150715912664,0.7563104194333912,0.1611206459561626,-0.72486119709464,121.5,4,Normal
-0.5687304693120557,-0.7988288064266661,-0.9782867343297355,1.1697499389995105,0.3241250076502063,1.4245916387896373,0.2838315284809205,-0.8310828109569816,0.0795181575531508,0.6396600862991578,122.6,0,Suspect
-0.4558111737008039,0.0039002715445596607,-1.6507305612460512,0.184263831770054,-2.837957587348739,-0.575944168794962,-1.2512384215011556,1.7186872791901162,-0.853791413080265,-2.1181498956253675,138.4,3,Normal
-0.8601206819645951,0.06893814631619373,1.0880218643116497,1.104209687562221,-0.4069588123491956,-0.5308302399659228,-0.4527780512556894,0.8523676194618648,-0.01708931190241546,0.26888467040647446,138.0,1,Normal
0.6498709474771057,-1.7130174279696215,0.04708076166763096,0.6152491430559075,-0.7203937931567651,0.21846233272702087,-0.09150699122414226,-1.7876238423399209,0.2594111116262872,-0.5014631699412373,133.1,0,Normal
0.10367318682082774,2.475117729329104,1.1190476685156547,-0.022375076817455753,-0.4745609852049357,-0.13062099885425585,-1.8539153398399375,-0.7973548102986486,-0.043304191227063846,0.04288499467553449,126.5,1,Normal
0.6938004032771409,-0.48375105504727384,-0.054517020268673874,-1.4157476673483775,-0.03521052459869409,-1.0874200571656196,-0.07366962998228666,0.23968150108724187,0.8162843449159789,-1.3301505236401827,143.0,4,Normal
0.4185950248800005,1.4948734972680404,1.187882050195816,-0.15955337590602162,0.7225993571155986,-1.1813262653588517,0.23872548301095303,-0.4462471580775502,0.2698839996598213,-0.43041839422360767,136.3,3,Normal
0.8255432185349958,-1.5782728583719108,1.0147618450730633,-0.3337795448071265,1.267192750257869,0.7489853389306521,0.7580463056427478,-0.1732242330082535,-0.16937900444673068,-2.6115206232756645,109.2,3,Normal
0.5165546359335219,-0.5995741636647086,-0.06073211249813311,-0.11060638918438453,1.3036466564635474,-1.1884518269610147,-1.319885120095732,-1.1080052149991995,0.7014056633792345,-0.618815672911942,145.8,0,Normal
1.1020978498625946,0.8384361830099011,0.2596603842984733,-0.22883714792619975,1.602790233668246,0.8843244671314553,-0.1515900932304542,0.3454733294629115,0.26838787485659177,0.12115178222866824,128.4,2,Pathologic
0.73974454781675,-0.20173367329846484,0.4136283641861726,1.1033948520934465,-0.20009543220900614,-0.46706910821281816,1.239772515320479,0.0196067418952006,3.0014074117479193,1.1137861068383816,139.4,1,Normal
-0.5142617758545877,0.8389557962217041,1.176769839856981,1.213959773116971,-2.089455424363609,-2.323128657318191,-1.7359036145034268,0.7556718568945662,1.0232837577696539,2.464338525140977,134.7,3,Suspect
0.48925717254284307,0.6733677209006698,0.028616860342401733,-0.4881353766404466,-2.5028812133333362,0.6469938269624895,-0.0067636006784342765,-0.048305831076052325,-0.5294985003127493,-0.819001495200562,117.1,2,Normal
0.30927852675002554,-0.7910531547628702,0.4181310795728682,-1.3245204327907771,0.7740884617268395,0.8015438890261701,-1.5225137934506912,-0.6287414171668817,-1.7193977093046238,0.5057219797698325,125.3,3,Suspect
-0.1905220299354397,1.262320620843849,-1.414931735710034,-0.9707067145228873,-0.06003278648028849,0.582122571061404,-0.4295292884541383,0.13703103592031518,-0.6779651186415281,-0.33594504457252145,110.7,0,Pathologic
-0.017263342497133346,0.6125151120522531,-0.8204791379342765,1.24168293323705,1.4973159757741965,-0.4661888336242572,-0.8049981145481802,0.36289384713790307,-2.042113100981665,-0.29915809354335066,122.3,2,Normal
1.006842265281875,-1.4103404696281354,-0.6732306594049473,0.9569838815747445,0.46365590545568336,-0.3554910889431044,0.3742720110991101,0.001937196640818864,0.6650634903456428,0.088860636784804,131.4,0,Normal
0.5409023230254254,0.13899522983976034,0.5773057767133953,-1.139591771821187,-1.7542987728269628,-0.45498702647898165,-0.29523930512043184,1.228174543564577,-0.29094085855487734,-0.15864721111813748,130.7,3,Normal
0.930615116389265,0.6869073743170289,-0.6435057831596034,-1.4668262672468326,-0.6043947131036442,-0.7209753302348108,-1.2766122569824574,-1.0857280543303747,-0.7686646652141707,1.8673339827939721,123.3,2,Pathologic
0.04019335094784913,-0.06597068537510505,0.1740837024081833,-0.5912523008637347,0.42804984877105484,0.2806174468691095,1.523222900550776,0.9086041842070689,0.5979892640650226,-0.29837858615615914,127.5,4,Normal
1.1498210683829557,0.08226640687565401,-0.10397533508318933,1.7958118495889095,-1.1134651817735952,-0.20526008145346628,0.17804882355476756,-1.2194106454974314,-0.36935968797442487,-1.1436104311608832,131.1,2,Normal
0.7735027813685973,0.5199325203011265,0.06309816741411832,0.4192169898663252,1.5051457799662933,-0.46445934198604377,0.9868430833722499,0.6529729844487273,0.3941107054760406,0.18354965600497092,136.7,0,Normal
-0.8062192983166963,-1.6009782227485487,0.9277871067396303,-0.23637150194198878,-0.44053202748154185,-0.7119398686817162,-1.0952323894729752,-2.0549950751094412,-0.2661512210584365,-1.0740180049736319,123.7,1,Suspect
-0.35799611173367835,-0.16714525860730378,0.2238836979647144,-0.1256714527839578,-0.3218605893126419,0.14767695552232815,-0.39316088343394917,-0.29904919784862694,0.076943214575399,-0.368860360943682,128.5,1,Normal
-0.8497044807980835,-0.3410619444992373,-0.19057218410735216,-1.8813262007019755,-1.6043307516573027,1.2676793640952233,0.9991060375026222,0.9537365999962962,1.2903363269126178,1.0597914642102746,117.5,1,Normal
-1.0794722824571334,0.7889231901173865,0.46267426889963503,-0.29190256039351004,2.0378019831941354,0.11899256211275205,-0.7499707329121652,-0.4145044333118668,0.9149252374187117,-0.2481858030643961,117.8,3,Normal
2.679643080070413,-0.5305677235450224,1.675013256071623,1.2401735806030765,-0.19547945126198965,-1.355055575267162,-0.005074652893766925,-0.10407847549126431,1.4329226044912198,0.520415079330851,141.3,1,Suspect
1.6681067982821642,1.980645492845404,0.11183540228851571,-0.3943643395540206,0.29057396043695266,-0.02448767007382112,-0.06546098450456163,0.26326065660893927,0.3442560577414001,-0.20942881357119925,145.3,3,Normal
1.1556738776887332,-0.5538935253576378,-1.2237865573906876,-0.24412585948600574,-0.7728209957051428,0.481273163555751,-2.362949971442989,-2.3373343319378703,-1.8097463023421743,0.2610233379868944,132.1,2,Suspect
0.44898732571344485,-1.094856142155451,-1.3152834097100055,0.329111715529132,-0.3946819970010849,0.7098021724293538,-0.06876016286478466,0.2820182558208098,-0.6843979814086096,-0.6963710125610398,126.7,1,Normal
-0.5420443602485316,1.2589639156434882,-0.28036592112649045,-1.1240742289361199,0.3075493596996139,0.5159226990384777,-0.4188613994093249,-0.9708309127709243,-1.6154158236968006,0.811368999731618,125.3,3,Suspect
-1.1082053638820513,0.6256908346157113,-1.1404178221284975,0.3329455379563302,0.4336853530819254,0.13380291831310723,-0.1658884864293387,0.9225539319770283,0.918619328899856,-1.3178259254741314,142.2,1,Normal
-0.20977769989065062,0.4121819265903222,-2.3922104361320167,-0.8277806361152437,0.5761495706824692,2.7109287857544566,-0.719481245173176,-0.12433946548456914,0.015394913654731003,-0.8007546631320359,91.1,2,Pathologic
-0.7203016795967582,-0.21729918396116185,-0.29263874599162115,-0.4992929270607999,1.0110917904395749,-1.1905339423519126,-1.2889061207471335,0.24327126083774336,1.259453561393406,0.08137580972996462,152.7,2,Normal
0.7138545164973114,-0.3285086461054504,0.38063952893162245,-0.3782392836973687,0.6932158913003568,1.4897798316473372,-0.8135349491209063,-1.221464567156712,1.0378879814892268,0.8246496881143117,130.8,2,Pathologic
0.15205877220762115,0.4830626229091756,1.3838771524666102,-0.37755348982908893,0.5454412391404504,0.5535455437580772,-0.5267809276179061,0.7626546640151454,-0.1258109452337432,0.21150369946560113,104.6,1,Normal
0.8562935908662339,-0.5439190587340265,-0.01760893957639511,0.10213935745992703,-0.6578811856320315,2.2939058386079982,0.6069324290668457,-0.06964649039793336,1.7458012339250872,0.5125130137741554,154.6,0,Normal
0.2423928079554492,1.8031553337367334,0.30980003025921327,-0.07361784412639569,-0.22566835188187712,-1.4486742655618698,-0.5598245781422537,-1.552015749323017,0.9593027871752333,-1.218390740200901,106.0,0,Pathologic
-1.6906421918537688,0.2613037032973925,0.5156330486347628,-0.1819476488699063,-1.2275297932938627,1.536815046463179,0.109922857339219,-0.5578684624973993,0.08144363427491833,-0.31621067026351535,107.4,1,Normal
-0.17238942759183234,-0.24757456211502482,0.08281846620428024,0.12189196800294916,-0.49980835726231015,1.638056259947216,0.20112997651316242,0.6204834248150057,0.43484860080680776,0.23858079810614113,121.0,2,Normal
0.38756054538209234,-0.3907676223219034,-0.6674798681913732,-0.9077390389032814,0.4269098007353249,-0.1572144607506316,-0.5408964810114686,0.08288406693822231,1.4139061869993532,0.05589891181980094,128.4,2,Normal
0.274889786318914,-1.1947172157235764,2.1711018512079403,-2.157733029217801,0.4011041257037019,-0.8502848486480783,0.9714061977079296,0.6575088333854084,0.4475714940061187,-1.0815080829623431,142.0,5,Normal
-0.5546307516547403,0.7297114524777782,-0.9882746695146468,-0.008624258275297069,0.6626557972420714,2.123013935548092,-0.37505338323357024,-0.4164515813729648,-0.6660481434033777,-0.8431242256150286,126.6,4,Normal
-0.49001712290619054,-0.7680300923853609,0.41640905703648456,-0.6875478022291528,1.471245058490072,-0.8241650207398249,-0.5610891711987129,1.1571671350133157,-1.176556578756505,-0.1314816398681293,121.9,1,Normal
-0.6650591837973698,-0.12884075086554386,-0.7799292388745198,0.45463199811109317,-1.3133201081449322,1.0466855880223913,1.104869591624373,1.355580189120917,-0.2646299335825078,0.7466006211252686,126.9,1,Normal
-1.6699809821168836,2.5474481212649045,0.11289469421633673,-0.5519471506454194,-1.866925419240175,1.4952076623987147,0.1369798105399695,-1.8080736999238949,-0.6807704276047465,2.1002029142617253,126.9,6,Suspect
-0.029077055945008142,-1.803671343052026,0.40948535128276353,-1.8978687250246777,-0.2629768064023329,-0.16062992761533162,-2.391754245571121,0.534790644676918,0.20419163371902915,-1.0904012237203067,144.4,0,Normal
0.779148906407009,-0.09934029335642912,-0.20206826802682265,-0.1198587557174019,1.4746658706070126,-0.16737149036856444,-2.658796304582166,1.4591259257264106,-0.5152014198791779,0.050441386066023795,140.6,1,Pathologic
-0.4757394335849391,-1.3684614234134096,-1.213513574060631,1.0515463661084061,1.4419378930983344,1.7653341840465306,1.5934395519184001,0.4241178184653898,-0.3835392735445652,-1.0193548476191605,124.0,2,Normal
-1.2419634074765025,-0.5372528861695364,-0.3473785561464972,0.31284127584445703,0.19858465398839806,-0.3072878185464976,0.08290081981011144,-0.0958209929915175,1.2126071415685933,-0.024171553233106415,126.6,2,Suspect
0.9943650408833448,-0.1423607689309868,1.1240825029266845,-1.4205790617389773,-0.2851926681680386,-0.5575603661994113,-0.17387600901637046,-1.3795201696962889,1.6559522379261444,-0.38513721017219427,111.4,0,Suspect
1.3627532194025467,-1.3036884948553125,-1.5021309556050868,-0.6254099135371619,0.2615571653634055,-2.698790010874675,-2.218532822156112,-0.3646825710032804,-0.7774134989180065,0.40830768587768035,136.3,1,Normal
-0.44047524338042415,0.40912488865690566,1.630892906732244,-0.49668875673696483,1.1203561513133926,1.1215634694118288,-0.14626180081971474,-0.5636956304432121,-0.35914129501582176,-1.987998594315975,129.5,3,Normal
-0.9378739702595202,1.4684190456753066,0.09486658495390159,-0.1838989482445938,-0.779260333236239,-0.37345343172658596,-1.054678521012001,0.8265139803779887,-0.22987765248339326,-0.3323421275903088,133.9,2,Normal
-0.14484588969298987,0.332860100989806,0.7147586134883407,-0.5869935120696606,-0.5709666478062142,0.7828470559543725,-0.3155868801079534,0.9420572782074234,0.31378307022241875,0.10853634434275052,136.3,1,Normal
0.280859097313744,0.8402484247417996,-1.0539983686497718,-1.7561877131860744,0.09557417838348936,-0.14714920499355244,-0.7283840537621665,-0.22034949302885548,0.3440710478826966,0.20472004738016014,145.6,0,Normal
-0.44948849890461406,1.624240355908391,-0.14904044809738173,-0.13750439302137415,1.119390045426106,1.335457201896724,-0.2895672400007191,-1.003671973133881,-0.5076054867402068,0.3281834547088709,126.1,3,Normal
-1.5699747266938249,0.607150620582867,-0.6660055518687871,1.4323304448551921,0.8353154861832259,1.3751465861449894,0.19356420499063812,-2.182167483492262,0.5097877938275357,0.15821460821167008,130.5,1,Normal
0.9606641998848837,-2.3555129989689565,0.2953299224660477,-0.6534728833839945,-1.9701689959292534,-0.9954534058147811,0.37278389161356024,0.5345525800111468,-0.4618179459909044,1.2569768830329264,145.7,3,Suspect
0.242188544608303,0.17907995882313996,-1.091868475998492,-1.2435917951906585,0.8376815241055473,-0.4639624770721109,-0.06532467560285049,0.4495482774329348,-0.37337946328593935,1.3298927462872685,128.3,4,Normal
1.5488450828355576,-2.502355262393498,-0.6205297889188601,1.4246013011166094,-0.01438974560326697,0.5811432712531074,0.10660573256508248,-2.1423533257890575,-0.9091074162845787,-0.20914248503278604,129.1,1,Pathologic
0.042326831515812846,-0.7223265897941705,2.0674679399887026,1.9209352552859178,0.6365445902765346,1.407234205880589,-1.7844366199928505,0.4663112877674781,1.0354631453895797,-0.5205271725707326,156.4,2,Normal
1.4723037571115052,-1.498964311301537,0.6468995940330712,-0.40774487643830093,-0.21560531551865209,0.11298387741810423,-0.08392250524774202,0.8182898329293471,0.9089038413470589,0.2006841755182818,129.5,1,Normal
-0.22642499256192927,0.27291402911681656,0.37979949753728404,0.23767559303970093,0.499337421971104,0.2142673598165254,0.20691970657166342,-2.8061019351625864,0.3467436091062528,0.8077105946964255,147.4,5,Normal
-0.6042822459981193,-0.8972720923686879,0.363666814674917,0.2207386447945961,0.046557399193187014,0.34852726076889057,-0.07929520154972988,-1.0621342250843324,0.662934404846685,0.04146539471937351,124.4,1,Suspect
-0.500227488981072,0.3003854620911942,1.4586418729833,0.8887915392721468,-0.5442493210285587,-0.875760064133629,1.485861936890594,2.434038845601383,1.1085143294718387,-1.088676113038172,125.5,1,Normal
1.8242619139786314,0.7812259047748883,-0.12654362058015614,-1.1170052758465192,-0.7585865397530456,-0.45345863487240345,-0.2642527527381104,0.022744826414888383,0.7520131118172121,0.9593121058388198,109.9,3,Normal
-0.18759477083214374,-0.9582957404285404,0.9364632591179417,-0.02986790458701936,-0.1914672746912769,-0.18522620853234342,-1.3243379665140023,2.2462091468102714,0.7278302060507504,0.3950242564657377,136.1,1,Normal
1.5815900937984602,0.25125326360927236,-2.36006752440307,-1.0899869462816436,-1.2945150644960302,1.0009211276969951,-0.000476598026789669,0.19310564323499688,-0.428913698483349,1.7587923444284665,137.2,0,Normal
-0.46139751803581064,-2.6189763701815902,-0.11990740195724721,0.34531508931328386,-0.4426967223408047,1.79492408243264,-0.5742654583427579,1.0747911918613076,-1.5032356303284087,-0.7476873686817481,130.9,3,Pathologic
-1.384609993396741,-1.4925526407376588,-0.309024111971954,1.513030805477105,-0.3215984029098508,-0.9100681530987553,-1.7248903416924075,-0.3310860467580219,-0.790508728362291,0.23770709673409426,134.6,2,Pathologic
0.6989425453743011,1.26759963249975,-0.5243291911167975,0.33332969386795436,1.0364861507738192,0.721567354601281,-0.3045651123069527,-0.69151266403169,2.1949420208198402,0.4327487613619753,138.8,5,Normal
-0.6414032170392743,-0.8819819516709932,0.7393715182370912,-0.8499456431638506,0.6633499980599072,0.21832604381475432,1.475828483011829,-1.6198953173991808,-0.23738106141834056,-0.22360008749559623,115.2,1,Normal
0.30366277298831673,-0.5251161015068083,-0.13452751419393846,0.9956941449364741,2.0128193265181884,-0.5017056857271508,-0.3689081484805035,0.5198253960302972,1.6006910504961578,-0.9475680661629461,130.7,3,Normal
